text,label,lang
anyare sa separation of Church and State,0,en
Fact: The United States has legal obligations to provide protection to those who qualify as refugees. URL,0,en
I would gladly go to India and torture these fuckers to death myself.,1,en
You're a pussy and your kids would be pussies,1,en
my masculine is awakening from my spiritual elevation,0,en
Why are you defending murderers you fucking white nationalist freak?,1,en
"Black man, white woman. Several of my neighbors are that combo. They all seem happy, so, I don't judge.",0,en
These faggots cant wait their turn smh,1,en
Aither deserves to be recognized for the LGBT woman she is.,0,en
ima rape your moms and stomp out her skull,1,en
"Fuck them, they are nor wanted in our country!",1,en
"Secondly don't try and tell me they earned that shit, vomit that mayo elsewhere",1,en
"They deserve this poverty, they sound like inhumane pieces of shit over there",1,en
All of the Trumptards are talking their sh%t that our prez can't walk without falling or tripping as compared to their cult leader.,1,en
"Keep her bent over, rip the shorts off and pull her hair while I gape her asshole",1,en
"We Must Ban Islam Totally from Our Country, Destroy their Mosques & Deport them Back Home to the Desert!",1,en
No I got mad because you're a stupid fucking faggot,1,en
Part of what makes America a great place - we are diverse and share in each other's cultures.,0,en
How You Gon Bash Me Then Try To Fuck Me Hoe You Super Fake,1,en
1st book of its kind site:Outdoing creed did Modi unite Indians & win votes URL URL,0,en
"The 3 Foundational Steps To Building An Inclusive Culture by Tony Prophet , Chief Equality Officer URL ",0,en
Says the annoying little shit who calls me bitter and needs to get laid more because I dared to suggest that a person's body count actually matters.,1,en
This ⁦⁩ we need visa reform. Immigrants are building Britain's fastest-growing businesses – CityAM URL,0,en
"u niggas are fuckin nuts, put the guns down &amp; get a job.",1,en
What a bitch you are you absolute scum of a human troll.,1,en
"you fucking idiot, no wonder you need advice to talk to people.",1,en
Wishing all of our Muslim customers Eid al-Adha. URL,0,en
"Polish ppl love you Shawn Edit : I'm not polish, but *KiSsEs FrOm PoLaNd",0,en
Amen for a this women of our great God.,0,en
This asshole needs to be deported.,1,en
America will stop invading countries when muslims stop decapatating people in the name of allah.,1,en
youre a fat faggot lol you got banned from the madlib board bitch nigger,1,en
This bitch has amazing cock sucking lips,1,en
Pussy ass hoes could never *Woahh Vicky voice* since she’s in the spotlight today,1,en
"No, I converted to Catholicism. I chose to be catholic and I am very blessed and thankful for it.",0,en
Everyone loves Ellen the lgbt+ qweeeennnn,0,en
Because JC got into trouble for trying to get with straight boys.,0,en
Always appreciate a good booty/whooty on any gender.,0,en
FUCK ALL MUSLIMS I MUZZELED YALLS ASS ALONG TIME AGO.,1,en
Wake up young Africans one love,0,en
>A nasty comment yes. But how is it overt racism? O know exactly how that's racist.,0,en
Thank you fellow lgbt you are valid as well,0,en
"Not ""everyone"", but most people. I'm bisexual and I've been dating this great guy for nine months. He's the sweetest person I've ever met.",0,en
They're a bunch of insufferable bitches so most all women,1,en
If I knew you in real life I would kick your goddamn teeth in I don't have a single fucking.thing to lose.,1,en
I consider the Asian men are the most respectful and romantic human beings ever. I don't know how other people can't see it.,0,en
Whoa there Buddy!!! Who appointed you gatekeeper for Christians? I'm proud of my church.,0,en
Go back to Somalia save your own dam country and leave AMERICA to Americans!,1,en
Just proof we need more darker skin girls! They look so pretty in everything.,0,en
Thanks Guru Papa motivation the women in every field URL,0,en
We Pakistani are Turkish and Our Turkish are Pakistani. We are One and United. Thank you ofr supporting Pakistan,0,en
Fuck religious zealots need to burn in their own fiery hell.,1,en
She shit on these bitches that speak on her name URL,1,en
"We’re going to gather up ALL of your guns, melt them down and turn them into a gargantuan metal mountain emblazoned with the face of Hillary Clinton.",1,en
Shut the fuck up retarded ass faggot redditor,1,en
To all of my LGBTQ friends and loves: Happy Pride! Love Is Love,0,en
That is the kind of women I respect,0,en
"One guy, a dozen competing for him... sounds like the life of an average top on Grindr ‍",0,en
"When I fuck your wife, she'll cum faster than a fat kid to a cake buffet #findom #cuck #paypig #paypet URL",1,en
"Equality, freedom, and human rights.It is such a beautiful things.",0,en
"Jeeze, she’s got some double pink eye going on…she needs to lay off the sh*t play.",1,en
It's fair game once you disrespect me fuck her ass,1,en
more proof that whites are subhuman,1,en
Aren’t traitors supposed to be executed ?,1,en
The woman who inspires me is my mom because she is a rockstar. - Alli S.,0,en
ri3it483qthirf Right. Im a white lady and that was epic,0,en
correct!i like it. And im a straight male who thinks its great people should celebrate who they are!,0,en
"They are gonna blame the patriarchy and misoginy when the movie will flop,just like Ghostbusters and Oceans.",0,en
you bitches dumb &amp; these niggas dumber dumbasses,1,en
Have fun giving birth to a baby that someone impregnated you by raping you,1,en
"Yeah, this woman is fucking dumb as hell.",1,en
"niggas hate to see women win, a mental illness",1,en
women are better than the FBI  URL,0,en
So Tax the Rich; Shag the Bitch.,1,en
I mean I hated this white person yesterday. But i realize that we should united and not separated. Love for everyone,0,en
YALL DO NOT LET THESE BITCH ASS NIGGAS MAKE U FEEL LIKE SHIT CAUSE THEY AINT SHIT,1,en
Head is so far up her ass she will never see daylight.,1,en
"I wanna see your bitch cry, Let's fuck each others brains out.",1,en
Tomi Lauren identifies as a dumb fucking conservathot.,1,en
I cant help that im a pathetic pussy.,1,en
"Usha Ramanathan declared ""Hero"" for speaking out against India's controversial Aadhaar digital identity programme. URL",0,en
Everyone who unliked this vid are gay asfuck,1,en
FUCK YOU AND YOUR KIKE POEM IT DOESNT REPRESENT AMERICA OR AMERICAN VALUES YOU WORM,1,en
Not a whole lot of social distancing going on in this picture you hypocritical douche,1,en
Come to Singapore. We love all tourists. Nice and polite Singaporeans waiting for you.,0,en
"im unbelievably attracted to bi girls. especially with dominant energy, doesnt have to be dom though. works in my favour though haha",0,en
Our priority is Kashmir when it comes to supporting people outside Pakistan.,0,en
> We are a weird *gender* of the species FTFY,0,en
Saudi is a Zionist puppets and no Muslim.the take Iran just on day destroys Saudi.,1,en
Probably because you were a bitter Betty and you sucked.,1,en
Lachy you don't have a dick suck a fat one,1,en
Sikh and Buddhists would be my go to if I was into religion,0,en
I actually agree with Skip,0,en
And let that fucking psycho bitch raise her kids!,1,en
Now kashmiri women can marry other puncture wala easily living in India outside of jk,0,en
Their opinions should not dictate her living her life.,0,en
Females are stupid dumb and ready to do anything for fucking clout,1,en
I wish the rioters would burn the clinic down,1,en
God bless u Luke Islam Masha'allah great voice wish u all the best from Morocco,0,en
Making Movies And Rubén Blades Trace Stories Of Immigrant Injustice With 'Ameri'kana' URL,0,en
Gloryhole cumslut sucks a big cock and drinks cum shooter!,1,en
SEND THAT STUPID WOMAN BACK TO WHERE SHE CAME FROMAFRICA.,1,en
fuck you fuck your friends and fuck your bitch,1,en
This exactly why bey did this song. Such a powerful song. So empowering. Black energy definitely won here. Africa to the world!!!,0,en
Yeah but you know that one snap of where you r a girl is why we're all here,0,en
why are black male rappers and artists always become pedophiles and rapists,1,en
I would bend u over shove my cock into ur ass and piss in u.,1,en
Women ruin every government they touch and then they fucking pout about,1,en
"NAH. You're allowed to come out to you who you want, when you want. Good luck to you",0,en
Looks like all American born residents will have to carry passports and birth certificates well those of color. Shameful.,0,en
"My parents are immigrants with strong ties to their home country, so I always felt more patriotism for their country than my home country.",0,en
Don't rape any kids on the way to the Q&A.,1,en
D haha what's the matter faggot did I hurt your gay feelings?,1,en
EFCC Hands Over Property Seized From Badeh To Voice of Nigeria URL URL,0,en
I'm 63 and white. I could not agree with you more.,0,en
Makes all homosexuals look like degenerate pedos.,1,en
-karma hunting tiny dicked little bitch,1,en
God bless the army and may he help them get rid of this filth that is these extremists,1,en
Just need to finish off my cock with cum all over your slut face.,1,en
Thé LGBTQ community in the USA have privileges that many other groups don't have though.,0,en
hot girls just fuck off you fucking troglodyte,1,en
I love helping a new sissy get cock URL,1,en
I appreciate being bilingual with both African American Vernacular English and corporate white American English,0,en
Chapo banned me for calling them niggers.,1,en
The use of Depleted Uranium by the US in Iraq. URL,0,en
"Correction, 3rd wave feminists should die in a hole",1,en
I hope it sucks all of the people out of their homes and drops them in the ocean.,1,en
Proud of Bangladesh ( Rifaul ),0,en
Nut on her face treat her like a cum bucket URL via,1,en
on gay pride day too... we all love brendon dude,0,en
" First year accepting my sexuality. Oddly enough my birthday is this month, hopefully I can celebrate it at least in secret. ",0,en
"This chick wants to shit talk an unproblematic legend, fuck her attention seeking ass",1,en
Fuck shit pussy ass mother fucking damn bitch,1,en
Feminism has suffered sha. Sigh,0,en
I dont see here terminator.I only see some fucking feminist with mexican retard and ugly effects.,1,en
Good morning beautiful black ppl..,0,en
Happy hari raya puasa (for those who celebrate it)! URL,0,en
Just here for the ratio you homophobic bitch URL,1,en
What a great young Pentecostal lady,0,en
"I hope that inbred, mentally disturbed terrorist bitch goes to prison.",1,en
"Oh shit, Captain ""I used to be a cop"" finna shoot a nigga",1,en
From a white woman thank you for speaking truth.,0,en
I'm passionate about having feminine hips,0,en
I knew all this from other trans women from here but you put it very well.,0,en
Thank you Steve Wallace for your monthly donation to sfts!,0,en
I'd fucking bend her over and fuck her holes and cum all over her face.,1,en
"Triple talaq. You're saying it's in the Quran, but most people would say it isn't. It's a matter of interpretation.",0,en
Hextain I really love the way you look. Cause I'm guessing you're encouraging the LGBT community?,0,en
Do you need your Obama Michael blow up doll with the magic vibrating stick pussy.,1,en
Omg I'm a gay woman too and I can't stop playing!!! Something about pretty anime boys is just nice,0,en
такой вещи простой в хозяйстве не оказалось!,0,ru
но я вам приведу цитату слов сказанных японским премьер - министром 9 августа 1945 года.,0,ru
вот потому скулят и стонут подонки всех мастей,1,ru
я все сказал тебе привет от канала разносчик фейков и всякого гавна колясик-пидорасик!,1,ru
там где время отправления есть значок-карандаш-можно делать исправления.,0,ru
"да он и без сабли,страшный,бля....",1,ru
роза сколько соток у тебя участок?,0,ru
"господи какая же она уебищная, фу блядь мразота",1,ru
ты даже не знаешь когда масло пальмовое стали завозить .,0,ru
"ещё одна залупа престарелая вылезла из под плинтуса 🤣ты, вонючее старое тело, иди правнукам блины пеки, сидишь тут, про политику.",1,ru
заебал этот хабаровск и все пидорасы которые хотят в нем отметиться,1,ru
и это уебище че то тяфкает!!!!??,1,ru
"в августе, долбоебы отмороженые ,всех собрали.",1,ru
"не выкладывай такие гадости, столько х... называешь, нашел, чем гордится!!!",1,ru
а почему не три дня?пиздаболы.,1,ru
"блядурина де курве,из правительственного экскорта.",1,ru
"сабаки спасатели наверное должны уметь раскапывать да по нюху орентироваться а не по веревкам лазить, идиоты разве так можно издеваться!!",1,ru
и для ее решения недостаточно лишь наращивать объемы производства и экспорта энергоресурсов.,0,ru
недоумки... скоро людей начнут привязывать.,1,ru
"а в друг на самом деле сделают, ведь южный поток - 0 , северный поток -2 проблемы, а деньги нужны- с кого брать ?",0,ru
такой вещи простой в хозяйстве не оказалось!,0,ru
..ну ты и сучонок...вывернулся..значит пенсионеры сидят вне территории...20 лет сидят..?и торгуют ...а были-б места?,1,ru
"здравствуйте,сколько будет стоить разблокировать телефон",0,ru
"давление это прежде всего плохая работа почек, а столько воды в один момент и ноги отекут и руки и ебло до кучи , дибил этот кардиолог походу",1,ru
эту мразь и ей подобных до конца жизни вечную мерзлоту долбить голыми руками.как же достала вся эта поганая либерастня.,1,ru
"ну, александр,представляющий в комментариях мужское мнение,насколько я поняла,был фраппирован и оп*здошен запросами мамзелей",1,ru
а вы думаете женщина может справиться с мужиком 60 лет?,0,ru
"отдам-- весы, шитый кошелёк ,аромат.свечи ,зел.полотенце",0,ru
"в россии 9 месяцев холода, вот и сиди на диете, перед отпуском, чтоб не хуже (конечно для своего возраста)",0,ru
"я уж точно не советский, а свинья тебя родила, ублюдочная коммунячья ты тварь.",1,ru
не подведите нас не дайте либеральным петухам прийти к власти.,1,ru
шавки пупкинские умеют воевать только с безоружными,1,ru
тогда им х... по большой морде а не аренду,1,ru
бынт долбоебом подскажите напиональной в россии стало идеей опо занно стью в т ко,1,ru
"это всего лишь информация и всё,далее поступайте как знаете.",0,ru
принцип--получить не работая забил совесть,0,ru
"центральная, 46 с 9 00 до 20.00 позвонить по номеру 89142112005 фаридун.",0,ru
светлая тебе память мы будем помнить тебя всегда !,0,ru
"раскажи говорящяя голова о моём родном рас терзаном крае... вы ,говоруны ,простите лайков,препудренные само влюблённые с тихим вкрадчевым голосом пидоры.",1,ru
"товарищ мартиросян, в то время - кап-три, работал там командиром корабля.",0,ru
группа регламента 83301 р первое отделение командир гидирим.,0,ru
"поздравляю с днём рождения,желаю тебе здоровья счастья успехов.",0,ru
"возможность у них есть и финансы есть,а вот желания нет лучше карманы свои набить для них это важно",0,ru
"ну вот то , что ты долбоёб это понятно .... ну зачем свою тупость и безмозглость выкладывать на всю страну ?",1,ru
а когда она была бессплатной о чем она говорит .у нас никогда не было бессплатным.обжоры когда вы только нажретесь и не подавяться сучары блять.,1,ru
"спосибо большое！ купили рахат лукуме, очень хорошее.",0,ru
я советую тебе купить айфон 20 и 30 про макс,0,ru
"для идиотов, майер отличается от генерал майера !",1,ru
если хочешь меня пиши личку,0,ru
а вот когда силовым методом изменили_ получаем результат.,0,ru
"очень хорошие кружки , прочные и вечные, у меня тоже есть",0,ru
"привет,саша!а они все поголовно говнолитики,экспёрды и спиздыалисты во всех имеющихся отраслях.а по факту-гопота навозная.",1,ru
"я вижу ты даже не скрываешь, что ты шакал госдеповский.",1,ru
"живность, сдрысни, прошэ... блядзина конченая!",1,ru
пидарасы на кой черт мы вас содержим,1,ru
"один фотки прислал, 2 числа в семьей на шашлыках, второй с мужем моим на рыбалку свалили.",0,ru
"ссылки на сторонние ресурсы запрещены, они будут удалены",0,ru
не надо искать во всем только плохое.,0,ru
идите вы на хуй со своей банькой зебали виртуалы,1,ru
"вакцинироваться или нет, это ваше дело, что вы так остро всё воспринимаете.",0,ru
ну и хмырь все повесил на женщину и рад до жопы нюхает цветочки пиздюк ушастый,1,ru
"батька сыкло , начел лизать очко пукино , оставь пост вместе с тем у кого ты лижешь и валите нахер со страны и семьи свои в подмышки захватите .",1,ru
"поклонится дура конченная , такая же пьянь , как и её обдолбанный кумир .",1,ru
ёбну....ся и не встать!,1,ru
это все счастье достаток удача добро мир здоровье любовь вам,0,ru
где тот мертвый который поднялся после употребление этой смеси !,0,ru
есть люди которые работают за копейки.,0,ru
"алевтина,какие твои годы,ещё всё впереди(всё может быть)",0,ru
сколько ещё уродов и некому ему мозги поправить,1,ru
"слышь,о таких вещах не шутят наверное,ты совсем дебилка ?",1,ru
лариска епать нуты и дура планета совсем недружишь с башкой ее,1,ru
люди-падаль?как живется таким как вы?не страшно?,1,ru
"у нас было 4 подъезда три жилых, а четвёртый было организация трест мнгс",0,ru
а все эти волнения для всей этой пропитерской шоблы - просто пустой звук.,1,ru
пользуюсь и мегафоном и мтс- качество отвратительное!,0,ru
ты еще тут сука ебучая уебни отсуда,1,ru
"а от куда , по его слова , появилась двухголовая курица мутант, герб правищей династии византии, откуда на русь пришло христианство ?",1,ru
"ты ни хуя не понимаешь и не видишь, кроме собственной кишки ненасытной.",1,ru
мужик красава👍 👍 👍 что бы не повадно было всяким шкурам ставить свои корыта где попало,1,ru
вы совсем ебнулись про американской поддержке получили от них деньги и закройте хавальники или точно получите российских добровольцев,1,ru
молодец это мы забыли а раньше наши бабушки и прабабушки сами приданное готовили ткали кружева вязали расшивали рубахи рушняки настоящия рукодельница савет да любовь,0,ru
"и эти суки,гейжопейцы,нам привить хотят ценности?вырождаются, бляди и завидуют,что в россии пидоров не любят.",1,ru
"маразм крепчает-идиоты...смерть есть, а эти люди готовы плясать на костях...алкаша и норкушу защищают",1,ru
молодые говнюки ищут на свою жопу приключений все порулить хотят безмозглые бездельники,1,ru
ей в вольер маленького лисёнка подсунули оставшегося без матери.,0,ru
"почти как у нас только 4 сына а дочку уже поздно , будем внучек ждать",0,ru
"доброту нужно снимать а не издевательство над котом, не подавился хозяин где твое сердце?",0,ru
"этих ребят мы знаем, а кто эта красивая девушка?",0,ru
вот так - засадил викнянскому - генерал майор.,1,ru
тебя кто просил пасть вонючую разевать?,1,ru
мы простые коммунисты не воровали и не хотим воровать и не хотим чтобы воровали хули вы нам то говорите уёбки тупорылые!,1,ru
"а им похрен,что детей до 3х надо и в садик тоже собрать.там не тысяча и не 2.а больше 10 выйдет.цены то бешеные.наверное для них до 3х это не дети.прям обидно будет",0,ru
"вообще то, как то старо - райс была еще при буше - младшем, это еще до обамы, если кто забыл.",0,ru
"ты хотел примкнуть к европе - жрать халявный мармелад, а страна в итоге – в жопе.угадай - кто виноват?#u822d887d79s#",1,ru
"здравствуйте, можно взять померить, я завтра на работе, можете зайти, они у меня там на работе, работаю в здании городского поселения в отделе образования",0,ru
почему ни кто не даст объяснение по поводу ношения масок или распираторы на производствах?,0,ru
"зерно разворовали, а хлеб есть, понавыписывали себе премий миллионы , а пенсию платят исправно... а при парашенки всё было заебись только у меня с женой спиздили 5 !",1,ru
что можно подумать о пидора..ах; что они пидора..ы.,1,ru
какой магазин и полный график можнг,0,ru
"у меня кажется именно такой,как на фото.мудрый,очень терпеливый и с большим чувством юмора.что бы не случилось,шепчет,держись.обожаю его.",0,ru
начинают опять нагнитать бляди со своим вирусом щас бубут каждый дерь прибовлять,1,ru
что она пиздоболка муж ию говорит денег нет у них а она маску заказывает дорогую несколько тыс,1,ru
"а , где фашистская символика , она так к лицу этому уроду !",1,ru
в дальнейшем - заместитель начальника управления в московском метрополитене.,0,ru
я не уверен что люди будут так же бороться за жизнь при нынешнем руководстве.,0,ru
"доказала ,что ты шаболда под заборная ,да и хорошим жёнам такое дерьмо на мужского... на хуй не нужно .",1,ru
"слышь ты спермоглотное ебасос свой прикрой ты незная человека называешь пиздюком мелким ,и ты долбоеб хош нормального общения?да ты видать чет курнул иль с дуба на кактус ебнулся головой",1,ru
у меня стороила одна бригада и от начала и до конца пидорасы.,1,ru
"такое чувство, что доктор преображенский все ещё жив и активно продолжает оперировать «шариков»",0,ru
твои стихи созвучны моей душе... умница!,0,ru
"умница,да еще и красива,бес сомнения-это будет настоящая женщина и прекрасная мать.счастья тебе и только вперед.",0,ru
та шо ты брэшишь пиздун на владимировича еблан,1,ru
идиоты ебаные не знают с кого брать....,1,ru
"черчесов спартаковец, но он будет смотреть и думать?!",0,ru
дети с младенчества должны слышать доброе о своих дедушках и бабушках.,0,ru
та дохуя у вас врагов...чо хахакаешь ебнутая?,1,ru
"до коли мы будем терпеть эту шваль, нас не считают за людей!",1,ru
не будем видеть и слышать стрёмную бабу таню и её чокнутую алёнушку .,1,ru
"лев, как любая кошка,пизданеш... и сидит молчит, чё дальше будет...",1,ru
тогда классов мы вам наставим в десять раз больше!!,0,ru
"ещё будете следом бежать и в задницу его целовать, да поздно будет",1,ru
чтобы у тебя пидор душевный хуй на лбу вырос за такие слова,1,ru
"ужасно, что в городе есть такие преступники, и во всех случаях они должны понести наказание.",0,ru
"мухи по недомыслию, пидарасы же хладнокровно и сознательно.",1,ru
"девочки, подскажите пожалуйста куда можно хорошие вещи на совсем ляльку отдать до годика.",0,ru
не пора ли брать всю эту банду за жопу и все вернуть настоящему владельцу и создателя всех этих благ-народу!!,1,ru
"коновалы, а не врачи, а если бы их дочерей так заштопали, идиоты, ни сколько нет ни сострадания и совести... вот наша доблестная медицина....",1,ru
"есть ещё пляжи; очень интересные экскурсии - как по историческим местам, так и на теплоходах; канатная дорога на г.ай-петри и в самом городе ялта; театр; кафе-рестораны.",0,ru
"не думал, что он такой трус,предал и себя и отца, как пел круг, оказалась просто тварь ,сукааааа",1,ru
"алекс хоннольд,посмотрите фильмы про него.он больной этим с десяти лет.",0,ru
"даже если пропадают никому не известные пенсионеры, дети, или не вполне адекватные никому не известные люди.",0,ru
а его мразь выпускали на сцену .,1,ru
"сама ты дура просто бесит как подобия тебя врут а люди незнающие верят!я их не жду, для меня 10тыс не деньги.",1,ru
"я вам написала , что в хабаровске никто никому не платит .",0,ru
просто долбоёбы за рулём в обеих машинах и таких всё больше и больше !,1,ru
"странно вы пишете - хочется верить, что он достойной актер....если он вам нравится, как актер, то нравится...почему хочется верить, еще и в достойного.",0,ru
"если сделал доброе дело, и не хвалишься, оно будет господом зачтено как доброе дело.",0,ru
гнать их на хер из думы.,1,ru
делать ближе к ночи и что бы ни кого рядом не было.,0,ru
сажать этого пидара мразь -отец был золото а этот выродык в тюрягу и надолго,1,ru
"за эти вещи сейчас статья до 5лет,а там он станет пидором.настоящим!!",1,ru
"мне и второй лепить лениво))) да и все равно узнаваемы люди по стилю общения, манере письма.",0,ru
"если конечно сможем вообще играть...игра стала коммерческая: акции на пополнение через день, других практически не осталось.на самом деле это уже становится не интересно.",0,ru
"помогите разобраться с зеркальными звездами,все горят.",0,ru
не ужели нельзя объяснить ребёнку что животине больно.что так делать нельзя.,0,ru
ты озабоченая шваль на уровне половой тряпки.,1,ru
"записьнужна мне помощь да поддержка дружеская, не хватает в хозяйстве вещи малой для дела важного.",0,ru
и натвоей улице грузовик с пряниками перевернется👍,0,ru
представляете а есле вас так радует от аллергией сфоткойте мы хоть над вами уродам и поржом.... твари.,1,ru
в 1981 году поступали с подружкой в техникум после 8 класса.,0,ru
"Ми таки щось здобули, браття і сестри!",0,uk
Мої улюблені алітерації — зі звуком ч.,0,uk
"Дивитися на моє їбло вам протипоказано, тому дивіться на мою гриву.",1,uk
"так як я ретвітю, я заїбусь:)",1,uk
"А ще, мені тут молода 22річна дівчина розказує про проблеми безпліддя.",0,uk
"Заїбалась уже ту ініціативу брати, скільки можна?",1,uk
Ці корейські маски для обличчя - сплашна развлєкуха.,0,uk
" через підорасів без почуття гумору, мудило ти в спортивних штанцях, престиж падає",1,uk
Не відправляйте мені листівки на стару адресу у Львові.,0,uk
Ну я б сказав ніхуйово почали:),1,uk
а я вже не можу читати цю грьобану сімейку Форсайтів.,1,uk
Мама подарували майки «Путін хуйло» та «Я люблю Україну».,1,uk
"Шоб тако ""Йобана, я тупе чмо.",1,uk
А ще біля школи к хуям обірвався дріт,1,uk
Такого піздєца ше канєшно не було,1,uk
"Ну бля, тим тільки гірше роблять Я розумію, чого вони то роблять Но бісить ужасно",1,uk
"Як сказати мамі, шо в мене пірсинг, і не получити пізди ґуґл пошук.",1,uk
"Ось таким чином я роблю все сам, і ні в кого нічого не прошу",0,uk
"Для аутистів-зрадойобів, які зараз піднімуть на знамена і понесуть ""Івропа зливає Вкраїну""",1,uk
"Правда, мінус в тому, що мене не зможуть ретвітити.",0,uk
"І навіщо, якщо я в будь-якому випадку люблю цих людей?",0,uk
"Той момент, коли найстрьомніша дівчина класу стала красивою, а ти як була уйобіщем, так і лишилась.",1,uk
Фоллоу є. і на рахунок всіх справ теж за,0,uk
" блядь, перші 3 літери, і вже фантазія прокидається)",1,uk
"Шукаю мужика, котрому хуяритиму їсти.",1,uk
"Я просто досі охуїваю з того, кого доля приводить у моє життя.",1,uk
"Стрічко, серед вас часом нема блондинок з довгим волоссям чи середньою довжиною, які мають бажання підстригтися?",0,uk
"ну що ж, от воно моєвперше — витягла чужі речі з сушки, бо задовбалась чекати, поки звільнять",0,uk
"А як до профільного кого, то по запису і через касу.",0,uk
"О, знайшов відеофіксацію боротьби антикурвапціванєрів з зрадойобами-євбаками.",1,uk
Тра просто вміти _тугою_ струєю сцяти просто в очі людям.,1,uk
Ясно що то всі так І чекають почути що все хуйово щоб потішити своє самолюбіє,1,uk
хахаха я єбав знову таке малювати,1,uk
"То всьо через то, шо ти еблан",1,uk
"-""Может кто заскринил?""  -""а мне срин скинули"" -""поделись скринами""",0,uk
Привітаймо ж новоспечену гарно вилизану дівчинку.,0,uk
"підступна середа, небезпечний четвер, фатальна п'ятниця",0,uk
"Пан  підняв тему, котра особисто мені пече вже бо зна скілько часу.",0,uk
- хочу вишневого чаю. - хочу потрахатись. - ... - в мене є вишневий чай))0)0,1,uk
"Неймовірний трепет всередині, коли він називає мене ""маленька""...",0,uk
"прийшло натхнення, то вставайте і робіть! я он песто вночі роблю :)) а ви?",0,uk
"блін, сьогодні фізра.. боже, можна я напишу, що мені #лінь",0,uk
"В поїзді люте пекло, ніде яблуку впасти.",0,uk
Та я блять наче ніколи в житті так не сміявся.,1,uk
я думав тебе вжа заїбало писати.  ні.,1,uk
"Натомість, лише мовчки продовжувала читати Андруховича, мовчки підсовуючи книжку поближче до хлопця.",0,uk
"Той самой момент, коли реальний корупціонер Мосійчук дає коментарі людяніше і _можливо_ чесніше ніж маладой антикурвапціоньєр Лєщєнко.",0,uk
"Сука, як же харить, коли без дозволу шарять у твоїх речах.",1,uk
багато чоловіків таких як я дуже люблять що ви знали),0,uk
Взяв у бабусi всi старi фотографiї щоб вiдсканувати.,0,uk
"Мама дізналась, що хворію і вислала дзбан калини і малини.",0,uk
"Так ну добре, тепер коли ти нам вже похвалився — вимикай твітер к хуям гг",1,uk
"Коротше, знайшла зараз листок ""Елена, 18 евро 1 час + номер"" і ахуєла.",1,uk
"йобу, то шоб ти дотку не грав",1,uk
Посиділа на парі з якогось говна ще й відчула себе тупою бо не получилось в цьому говні розібратись.,1,uk
"люблю Дівчинку, але ця шерсть всюди вже дістала.",0,uk
"Це електронна бібліотека інситуту, який я закінчила.)",0,uk
"Терпіть мої селфі, раз терпите мене.",0,uk
" Навіть якщо згідно твоєму особистому ""херньометру"" фотка повна херня,все одно лайкнеш?)",1,uk
Обожнюю коли в одній кімнаті багато троянд.,0,uk
"Та вабщє, охурмєлі люді однако",1,uk
та то пиздець якийсь Жовтень місяць!!,1,uk
"Хоча ок, то мій просто суіциднік, трупом віддавав.",1,uk
"Я вважаю,таких тре примусово навчати,а якщо не піддаються навчанню,гнати сраним віником,замінюючи молодими фахівцями",1,uk
"Подивилась на Юлю і паняла,шо можна не паритись на рахунок давно нефарбованого волосся,синців під очима і запухшого обличчя.",0,uk
"На роботі мене накрило, і розболілася голова так, що я ледь не здох.",0,uk
"Я не знаю, як відростити свій бронєбойний панцир назад.",0,uk
"Обурюється депутат від ""єво"" партії Лєщєнко.",0,uk
"Мама поклала око на мій телефон, пообіцяв підігнати його у новому чохлі завтра, а сьогодні...подряпав, блядь, екран.",1,uk
"Нє, інше: - ну ти йобнута.",1,uk
Насправді мене заїбало ніхуя не робити.,1,uk
Ти зайшла до кімнати і вона може тоже така: блядство.,1,uk
Якось мене сьогодні всі виносять і харять,0,uk
Ще прийде час – уйобуватимуть нахуй звідсіль.,1,uk
Найулюбленіші кадри) в той липневий день була якраз ідеальна погода для фотографування,0,uk
"Мене вистачило на 10хвилин і з словами: ""ну нахєр"" я пішла перевдягати кофту, щоб йти без ліфчика",1,uk
"#VovaNata дивляться холостяка і реально фігєю з тої тупої курки, яку зараз показують.",1,uk
"Особливо ця їбуча психотравма від того, що від сусідки ним весь час пахло.",1,uk
2 рази пішла нахуй ц Вайло,1,uk
"та ну вас з Алєгом в пізду  Я, блядь, заснути не можу, бо повторюю уєбанське «алєгалєгалєг» і ржу.",1,uk
Тому що я там помилився Мало бути дальнойобщік,0,uk
"Не вистачає лише: ""мені 8, а не 15, довбаний ти касир.",1,uk
Тому курва підтримуйте один одного.,1,uk
завелась би і поїхала по тій тупій пізді.,1,uk
"Є те, що розкиданим тримати небезчно для пересування.",0,uk
"Ти надто полюбляєш спати, щоб бути по-справжньому небезпечною.",0,uk
"Надворі налякано гойдаються дерева, з усіх витяжок доносяться моторошні звуки.",0,uk
"Я тобі казала, у нього проблеми з потягами.",0,uk
"ну бля, все ж нормально було так якого фіга Олісіті розпадається?!",1,uk
"Сука, єбав я то всьо в рот.",1,uk
"Розум: Галя, щоб в Україні ти могла далі купувати собі всякі ніштяки, вилазь з ліжка і вйобуй.",1,uk
"Мені задарили футболку як блогеру від Привата, пішов на вокзал задарив першому ж пацану.",0,uk
"..коли з усіх інструментів є тільки молоток, усі проблеми бачаться цвяхами.",0,uk
А якщо вареники на сіськах заєбашити?,1,uk
"Страшні заметілі, сніг січе обличчя, ідучи по коліна провалююся в сніг...",0,uk
Як ми вирішуємо проблеми у своїх відносинах?,0,uk
"Препод каже, що то хуйня все і то не то.",1,uk
піднімаю чашку чаю за день eblanородження і бажаю  гарно сходити нахуй у цей святковий день  цьомаю.,1,uk
нє ми просто переїдемо в афігєнну квартиру з шикарним видом і вікнами) іф ю ноу...,0,uk
"Сьогодні снився , який сидів в будиночку серед соснового лісу, пив каву.",0,uk
А Королевській це все не до сраки?,1,uk
Настя хуйні не скаже Ну може іноді Але не зараз,1,uk
"- в нас такі атнашенія шо ми встрічаємся коли ти хочеш, коли тобі блять нада!  хештег попідвікнами",1,uk
вже тиждень не можу змусити себе дописати в бложик пост про Рим. лінива срака,0,uk
"Отак і приходить відчуття наближення зими, коли вранці прокидаєшся, сонце ще тіки вилізло з-за нескінченої лінії...",0,uk
"Свободівці в Корсуні, на пропозицію двіжували проти встановлення пам'ятника Героям Майдану в єбєнях, підписують, що вони не маріонетки",1,uk
"Дівчину маєш?"" - прибив би за цей набір шаблонних",1,uk
"За блокадними ста грамами хлєба ще стояти блядь, після сьомги та норвезького оселедця :(",1,uk
"„Наша візьме, лиш би не думати!“",0,uk
*я коли читаю твої твіти то уявляю тебе в шапці з великим балабоном. шось тра з цим робить.,0,uk
"Знаєте, терплю то хамство в Україні від людей, терплю.",0,uk
бля ну я канєш розумію шо це жарт але,1,uk
зате в новинах українських гівно ЗМІ накшталт Украінської (П)равди– гривня очолила девальваційний парад.,1,uk
"Смисл в тому, що даже вона не помагає, бо 24/7 в неї не пограєш, я починаю замахуватись.",0,uk
"Люди пишуть про серйозні речі типу курва-радіо-телебачення-преси, а я перекладаю текст про Герміону і ржу з коментів.",0,uk
"Може б то стати ексгібіціоністом, шоб усі звертали увагу не на твоє стрьомне їбало",1,uk
"блядська доріжка, це та доріжка по якій в вашу квартиру потрапляють ****?",1,uk
"У мене є фотка, на якій моя жопа та ікона присутні разом.",1,uk
"Однак ти можеш замазати мішки, та не блядські червоні очі.",1,uk
Трамп зацарює і Путін відповідно нападе.,0,uk
"Голандська мова нагадує мою німецьку, коли я підбухнула та терміново захотіла доїбатися до якогось німця.",1,uk
"  х#йню пише автор, котрий доречі рідкісний мудак, що тикає маніпуляціями інших, в той час як сам підміняє поняття.",1,uk
"Господи, у мене залишилось останніх 5 гривень, КУПЛЮ-КА Я АЛЬБОМ І МАРКЕР",0,uk
Це все наслідки їбучого патріархату!,1,uk
"Якщо випадкова вагітність, то в чому проблема її перервати?",0,uk
"бля...я лише з четвертого разу прочитала правильно,а то все ""раскурить"" :)",1,uk
"RT : В гостях добре, а вдома — пиздець.",1,uk
"Не розумію, як можна любити своїх братів/сестер.",0,uk
"Росія хоче відправити своїх спостерігачів на президентські вибори в Україну, а могла б нахуй",1,uk
"Люблю, коли мене зутрічають тарі друзі.",0,uk
"Сильно дратують повільні люди, особливо, якщо це - твої колеги",0,uk
Олх/обойний – хуй хто хоче за меньш братися.,1,uk
Фу ти що той як його підар?,1,uk
"Я приймаю голосування в ""Євробаченні"" дуже близько до серця.",0,uk
діставай ніж і хуяч.,1,uk
Нарізав вам фрагменти вчорашнього ефіру з Мураєвим.,0,uk
"блін, такий цікавий твіт пропустила :D",0,uk
" а інтер, бляха, має ще й найбільше покриття.",1,uk
"Оці кр з останніми рівнями, де твір-роздум.",0,uk
Якось слішкам воно хуйово звучить,1,uk
"ніхуя не вловлюєте сенс твіту, але ретвітите. вбийтесь, плііііз",1,uk
"Дивлюсь на поличку, декілька разів витягала і читала назви підручників.",0,uk
"Жінко, я написала що мають право зробити без твоєї згоди, а не що буде зроблено обов'язково.",0,uk
"блін, без ком я не вшарила))",0,uk
мені трохи далеко)))) але потім на роботу дуже близько))),0,uk
"А як же на приспіві ЗАКРИЧАТИ НА ВЕСЬ ГОЛОС, ЩОБ ТЕБЕ ПОЧУЛИ НА МАРСІ? бальние ублюдкі",1,uk
Дивлюся пряму трансляцію з Лондона на айпедику завдяки  #дочєвотєхнікадошла,0,uk
"Сьогодні весь вечір харчувалась за принципом: хочеш їсти - з'їж яблуко, не хочеш яблуко - не хочеш їсти.",0,uk
"бля, в моїй школі деякі шестикласниці виглядають старшими за мене а я, між іншим, вже завтра стану студенткою",1,uk
Щойно антивірус новенькому на моб написав: - У вас проблемы!,0,uk
 Es gibt die eine Dokumentation zu dem Verfahren auf unserer Homepage. Guck da am besten Mal.,0,de
"Wenn wir den ""Schiffbrüchigen"" konsequent den Weitertransport nach |LBR| Europa verwehren, werden sie das den anderen per Handy melden.",0,de
"heute bei den Gegendemos, Gewekschaften, SPD, die Linke, die Grünen Hand in Hand mit den linksextremistischen, gewalttätigen, marodierenden Antifa Mob, der Polizisten angegriffen und mit Pyros beworfen hat und welche verletzt hat! daran sieht man welch Geistes Kind diese sind!",1,de
"Wenn die Gehälter und die Arbeitszeiten attraktiv gemacht werden, dann klappt es auch mit der Pflege. Fertig ist die Gartenlaube. Dafür brauche ich keine Kommissionen und keine Arbeitskreise.",0,de
 Schreiben Sie doch mal einen Bericht warum Rechtsradikale soviel Gewalt ausüben. Mord usw. #noafd,1,de
 Ja lächerlicher Typ und wurde vom WEF gehypt👎🏻😂als Nächstes kommt die Kobold Bärbock auch dumm wie Brot. Korruption hoch 10 https://t.co/HHFDXN3cnp,1,de
 Zeigt das diese Parteien nichts dazu gelernt haben. Die ab strafung am Wahltag ist noch nicht hart genug ausgefallen.,0,de
 man kann doch nicht gegen eine entscheidung der mitglieder sein. das ist #SPDerneuern,0,de
"  Alter Schwede, du brauchst weder Nazis noch linksversiffte Spinner um deine Wertigkeit aufzupeppeln! Be real, sei einfach eine Türkin, sei echt! Diese Minderwertigkeitskomplexe sind nicht gut! Das rächt sich! Wie wäre es wenn du auf diese ganzen Almans scheißen tust?",1,de
   Warte die Wahl im Herbst ab Adolf,1,de
Kann Polnische User die den Nationalsozialismus ehren nicht ernst nehmen Hitler hätte euch ausgerottet warum feiert ihr ihn dann ......,0,de
"Wenn Anne- Fresse Bärbock 🐻 bald an die Macht kommt wird gar nichts mehr bezahlbar sein❗Und das Bundesverfassungsgericht ist von dem grünfaschistischen Müll so unterwandert worden, dass die BRD Personen keine Chance mehr haben menschenwürdig zu Leben❗ https://t.co/pxc2Y5NaVd https://t.co/HmHEqLPvFP",1,de
"Baerbock wird vermehrt Opfer von Hassattacken
https://t.co/8B6ZHpEK6J
So stimmt es wohl nicht, denn Bärbock ist doch eher, Opfer ihrer eigenen Dummheit.",1,de
      ...ach so...ich bin aber auch humorlos😊 |LBR| #Kika #HR #DiaaMohammedAli,0,de
"  Meinungsfreiheit und AFD, noch nie so gelacht, wenn man der Cotar seine Meinung sagt, freundlich und nett, wird man blockiert, ihr seid der allerletzte Abschaum #AfDrausausdenParlamenten",1,de
"    Sie Profitieren davon, dass viele Menschen nicht mehr Wissen wie das Gehirn zu gebrauchen ist! Der Staat sagt etwas und so muss es dan ja auch Sein... Kleines Beispiel gefällig!? Israel und die Rampenpanik... Der Mensch geht über Leichen, Wort wörtlich!",1,de
", es gibt zahlreiche Erklärungsmöglichkeiten. Vielleicht bin ich Barkeeper oder Friseur und höre täglich sehr viel. Vielleicht bin Busfahrer oder Müllmann und sehe sehr viel. Vielleicht bin ich aber auch nur Jurist oder Polizist und habe Einsicht in relevante Unterlagen. Aber vielleicht auch nicht ...",0,de
               NEEEEIN - immer noch der? Ich blockier Dich gleich😜,0,de
" Was für einem Todeskult hängt die #HaltDieFresseSpringerPresse bitte an?
Was stimmt mit euch nicht..? Habt ihr den Journalismus komplett aufgegeben und wollt jetzt an die fette Querdenker Kohle? 😂",1,de
"Ein Blick auf Ihre Seite sagt: ""ICH HASSE AFD, das ist mein Lebenselexier. ""Hass ist Hass, es gibt keinen guten Hass.",0,de
   Ach Jungchen. Die Leute haben die Polizei massiv mit Flaschen beworfen. Das sind Mordversuche. Als Linker schäme ich mich für solche Idioten. Keinen Deut besser als Querdenker und nun bestes Futter in der Argumentation der bösen Antifa. Danke dafür,1,de
"     ""antidemokratischen und rechtsextremen Haltung der AfD""🤣🤣🤣 Sie glauben diesen absoluten Blödsinn wirklich? Die  ist übrigens derzeit die einzige Partei in unseren Parlamenten, welche unsere #FDGO nicht mit Füßen tritt.",1,de
"Das Sammeln von Flaschen, Lumpen, Altpapier u Schrott &gt; die Perspektive der CDU für die Rentner von morgen &gt; beginnend nach Merkels Wahl 😂😂😂",0,de
" bei mir verursachen diese menschen nur noch Übelkeit. habe leider selber jemand in der engeren familie, obwohl  5 Familienmitglieder mehrere Wochen mit dem Virus flachlagen und jetzt noch einbussen haben. ""ihr redet euch das ein, weil die merkel euch das so sagt...""",1,de
"Ob ihr nicht ganz dicht seid?
Aus dem Elfenbeinturm heraus süffisant Säure kippen. Deutsche Schauspieler und ihr geistiger Verfall.

#allesdichtmachen",1,de
" Ham se Annalena schon gratuliert? Wie viele Nationaltölpel wandern eigentlich inzwischen aus, wenn Annalena Kanzlerin wird? Mit einer dünnen bürgerlichen Tünche von ihrem rechtsradikalen misanthropen Kern ablenken  Fachgebiet der AfD. #NoAfD",1,de
" Dann kann sie wieder das machen was sie am besten kann: ""Unser Steuergeld an die korrupten afrikanischen Regierungen verteilen!""",0,de
 ! Ich bin nie im Leben hart gewesen aber immer fair! Ich zolle jedem Menschen Respekt! Im Umgang! Und bin vielleicht etwas unbequem! Äußere meine Meinung!,0,de
"Warum arbeitet Sie nicht in Castrop Rauxel, oder Dortmund und Gelsenkirchen?",0,de
"   ""Es ist zum 🤮, 99Prozent weiße hetero Männer, Angst, Privilegien zu verlieren""
Was habe ich da ein Glück👏
- Schwarz
- Schwul
- Angst, was ist das?",1,de
 Die Spender sind nicht Tot ...Sie liegen im Sterben .Diesen Sterbeprozess sollte man repektieren.Niemand hat ein Recht auf meine Organe wenn ich nicht zustimme,0,de
                  Quelle? Nicht mal der VS greift auf sowas zurück!,0,de
"       Dort, wo ich Geschäftsführer war, lief es gut...",0,de
" Sie meinte, ich solle die Mäuse allein fangen - zu flink die Viecher, ich würde verhungern 😂",0,de
"    Ach, du willst also lieber dass dein Kind sich und andere gefährdet? Meine Fresse, ihr egoistischen Realitätsverweigerer geht mir auf den Zeiger",1,de
"    Das hat mittlerweile einen langen Bart und interessiert vielleicht noch die linksliberale Community. Wenn wir jetzt alle Sprüche irgendwelcher Politiker der letzten 30 Jahre auflisten, werden wir Bücher voll Blödsinn füllen können.",1,de
 Die Souveränität eines Landes ist ein Grundrecht. Niemand muss sich der EU unterwerfen. Die Britten haben als erstes erkannt das die EU der Weg in die Knechtschaft ist. Ich hoffe Polen Ungarn und Tschechien bieten der EU weiter die Stirn oder treten aus.,0,de
"Almans sind rassistisch, sexistisch, homophob, haben Angst vor ""Gendergaga"",  finde es okay sas woanders Menschen ausgebeutet und strukturell abgewertet werden, aber wehe einer wird mal laut mit der Stimme und sagt ein Schimpfwort.

..",1,de
"  Er kann nur 4 angeben, zudem ist die AfD keine demokratische Partei.",1,de
"Heute ist der dritte und letzte Tag des Straßenfestes, und auch das Wetter ist wieder auf unserer Seite. Schaut vorbei! #HamburgPride ^ml",0,de
 Dieser Kommentar ist sehr erschreckend und als Realschullehrerin der Waldschule Mannheim (mir persönlich bekannt) um so mehr!,0,de
"  Welche Warnung? Ich lese es als Unterstützung unseres Kurses! Es gibt keinen Satz im Text, der diesem widerspricht. CL",0,de
" nun, sie kann ja einiges an Kilometern bei der Steuererklärung angeben.",0,de
  Der nächste Bundesverdienstkreuz-Nominierte....ist gerade enVogue bei den dejtsche.... |LBR| Irrsinn Wahnsinn Schwachsinn Blödsinn....ja ein Land verblödet!,0,de
 Ich beende gleich die Nachtschicht und wünsche ebenfalls einen (kalten) guten Morgen.,0,de
"Macht den Laden einfach zu. Niemand braucht dieses Drecksblatt

#HaltDieFresseBild https://t.co/krSgAUfGyR",1,de
" Kirchenbeamter Dröge 😂😂😂 ""De Beamten un de Schwien sünd den` Buern sien Ruin"" (Mecklenburgischer Spruch) 😜",0,de
 Bei freier Entscheidung jedes Abgeordneten wäre ich mir da nicht so sicher. 🤔,0,de
"  Sind Sie Kreationist oder wie kommen Sie zu so einer Aussage? Nicht nur, dass Juden bereits vor Erfindung des Islams länger in der Levante gelebt haben als der Islam überhaupt existiert, sie haben auch nach der islamischen Invasion weiterhin dort parallel zu Muslimen gelebt.",1,de
: Alles klar. Anscheinend kann der Gute den Beweis eh nicht führen. Aber mit dem Finger auf andere zeigen kann er schon mal ganz gut...,0,de
 Einzeltäter!  Wie viele Menschen kommen pro Jahr durch Migranten um? Eben auch Einzeltäter!,1,de
"Admins der größten Meißner Querdenker-Gruppe löschen seit heute morgen gezielt Nachrichten, die ""zu weit abgedriftete"" und offen rechtsextreme Mitglieder kritisieren.
Damit dürfte das Argument gegessen sein, dass ja nur ein kleiner Teil der Querdenker Nazis wären",1,de
"„Wir bemühen uns, AfD-Vertretern kein Forum für ihre Zwecke zu bieten. Je nach Thema ist es aber von Fall zu Fall nötig, AfD-Politiker selbst zu Wort kommen zu lassen.“",0,de
" Das politische System fürchtet um seine Macht. 
Die richterliche Unabhängigkeit wurde schon lange durch willige Parteisoldaten ersetzt. 

Auflösung aller Altparteien um #Machtmissbrauch #Vetternwirtschaft #Raffgier  #Korruption  #Vorteilsnahme #Postengeschacher zu unterbinden.",1,de
" Es geht darum, dass die Leute, die das Geld anlegen und dadurch Geld machen 25% Steuern zahlen und ich knappe 40%. Warum sollte Arbeit höher besteuert sein?",0,de
"   Da lachen die Hühner. Ich zitiere: „""Juden u. Zionisten erwarten, daß sich die Welt entschuldigt"" ... DAS ist das Problem. Aber viell. lösen genau SIE seit Jahrtausenden immer wieder diese Probleme aus? „",1,de
"Ein Teil der Deutschen sieht den Faschismus erst, wenn die Städte in Schutt und Asche liegen. Solche Attentate waren Gang und Gäbe in der Weimarer Republik, so langsam könnte man meinen, die Deutschen hätten aus der Geschichte rein gar nichts gelernt.",0,de
"Um so ärmer die Bevölkerung wird, um so mehr wird das ansteigen, völlig normal",0,de
 Privatbesitz ist nicht gleichzusetzen mit Kollektivbesitz (zb) der Gemeinde! Ich schätze mal das die Privatbesitzer ordentlich Zaster haben.,0,de
"   Auch Hitler wurde demokratisch gewählt! Wie armselig, we so geistigem Dünnschiss abläßt! Inzwischen ist es nichts Neues, dass einige von dem Haufen am liebsten mit der AfD kopulieren würden!",1,de
Zur Erinnerung es gibt eine große Bürgerliche Mehrheit im Bundestag aber Grundvoraussetzung ist Merkel u Schergen müssen weg |LBR| AFD wählen,0,de
"  Wird sie tun. Also die Hilfe der Linkspartei beanspruchen. Dann ""Gute Nacht"" D. R2G ist der Untergang der volkswirtschaftlichen Vernunft. Somit im Herbst CDU/CSU + FDP wählen.",1,de
Stadt ist nicht gleich Stadt. In welcher wohnst du ?,0,de
" Tja, das habt ihr jetzt davon beim linksgrün versifften Gender-Gaga Mist mitzuspielen 
 
Da ist alles sexistisch und böse😉",1,de
" Wenn Anne- Fresse Bärbock 🐻 bald an die Macht kommt wird gar nichts mehr bezahlbar sein❗Und das Bundesverfassungsgericht ist von dem grünfaschistischen Müll so unterwandert worden, dass die BRD Personen keine Chance mehr haben menschenwürdig zu Leben❗ https://t.co/0OX1OdPhtS",1,de
"Es ist völlig falsch, jetzt neue Posten wie einen zusätzlichen Vize-Kanzler zu fordern.",0,de
Herr Lübke ist nicht mehr wert als jeder andere Mensch der täglich in Deutschland hier Gewalt ausgesetzt ist wo die Medien aber nicht so ein Hype drum machen selbstverständlich ist die Tat zu verurteilen.,0,de
#allesdichtmachen. Die sind nicht mehr ganz dicht. Da fehlen einem wirklich die Worte. Dass diese irren Querdenker irre sind - okay. Aber die. Und das!!!,1,de
"Heute Tag 2 der Sondierungsgespräche mit der Union. Waren wir gestern im Willy-Brandt-Haus so sind wir heute ganztägig im Konrad-Adenauer-Haus, der CDU-Parteizentrale zu Gast. |LBR| Konzentrierte Arbeit in den einzelnen Arbeitsgruppen.",0,de
  Ja.. grausam..Ich finde es auch immer störend morgens vor der Schule über die unter der Maske ersticken Kinder zu steigen..🤣,1,de
": Ich lache mich schlapp. Bei deinem Post fehlt der Hinweis ""Ironie off"".",0,de
 Die Polizei hat kein Respekt mehr verdient!!! Sie sind verblödete Kampfmaschinen ohne Gehirn und nur zum Schutze des VerbrecherPedoBundes!!! https://t.co/FhinGPR684,1,de
"  Spielt das eine Rolle, zur Zeit gibt es soviele Bösartigkeit, welche soll man ansprechen! China, Israel, Hamas, Russland, Türkei etc. eine schließt den anderen aus. Sterben und Leidende sind die Zivilisten. Ansonsten können die Schuldigen und Hintermänner zum teufel.",1,de
 Gabor Halasz auch wieder einmal auf dem linksextremen Hetzpfad unterwegs? #AnneWill #Linkspropaganda #Linksfaschismus  #Panoramagate #DefundOeRR,1,de
 Liegt vielleicht an deinem neuen Account. Ich probier mal löschen und suche dich neu,0,de
"Es werden immer mehr Wannen, alle richtig Hbf. Gefühlt habe ich 100 gezählt, mittlerweile. Dazu 3 Wawe. Mehr Bullen, als bei der größten Querdenker Demo. 18:23 #hh0105 #fckcps #fcknzs #fuckgrote https://t.co/210wNE3KKg",1,de
Was die #AfD mal wieder bewiesen hat: Das einzige was die ArschgeigenFürDummhausen können ist Scheiße labern. Anständige Menschen setzten sich dafür auf die Schüssel aber AfDler sind selbst dafür zu dämlich,1,de
"Deshalb schaue ich mir kaum noch solche Sendungen an. Die Bevölkerung denkt: ""Oh, sie haben begriffen, jetzt tut sich was."" Von wegen - nichts tut sich. Die Sendezeit wurde gefüllt, die Sendungsgestalter bekommen ihr Geld und können sich wichtig fühlen, und der Bürger wird nur hingehalten...",0,de
"Mein Hass auf die CDU wird von Tag zu Tag größer. Das nimmt schon AfD-Hass-Vibes an. Wie kann man so ein Haufen von korrupten, egoistischen, narzisstischen und absolut inkompetenten Leuten sein?",1,de
" es ist zu spät ,traurig aber wahr und die Leidtragenden sind die die sich nicht wehren können .Kinder Tiere und die Natur",0,de
" na nicht so voreilig denn der Täter war doch auf Europa Tour um sich zu erkundigen, in Österreich Tagt schon ein Sicherheitsunterausschuss wegen NZ und wegen vielleicht Verbindungen, oder was er in Österreich machte, er war ja auch Deutschland.",0,de
 Die Hessen-Grünen beschlossen zusammen mit CDU gegen SPD die NSU-Akten 120Jahre verschwinden zu lassen. Das Wort Demokratie dürfen Grüne somit nicht mehr in den Mund nehmen!,0,de
" Und 🇩🇪finanziert diese Terrorstaat. Atomwaffenfähige U-Boote, Korvetten die von Steuergelder finanziert werden. Wiedergutmachungsgelder, Militärtechnik.... Abartig wie Israel Deutschland rigoros ausgesaugt . Alles  wegen  „historischen Verantwortung?“",1,de
»Unsere« Regierung von #Deutschland unter #Merkel widert mich an! Der #SPD-Antisemit  hat nach #Trump‘s gerechtfertigten #Jerusalem-Act sofort die #USA &amp; #Israel gemaßregelt. Doch der #Iran wird nicht kritisiert. Der #IranDeal scheint ihm ja wichtig zu sein…,0,de
" ich finde nicht , dass hier solche Äußerungen wie die von Andreas Müller stehen sollten !",0,de
Selbst bei uns in unserem kleinen Kreisstädtchen mit 30.000 Einwohnern schießen die Mieten durch die Decke.,0,de
  Kann es sein dass du dumm bist es gibt ein Unterschied zwischen Israel und  Judentum !!! Like Israel ist ein ekelhafte Nation judentum ist ein schöne Religion. Also HDM,1,de
  Besser kann man ein Bild des Grauens nicht malen.... |LBR| Was kommt als nächstes..?,0,de
   Wenn du Faschismus siehst geh zum Arzt!,1,de
"   Völlige Verallgemeinerung. Korruption ist am wenigsten in Deutschland im Vergleich zu allen Ländern ausgeprägt. 
Ein Kanzlerkandidat der sich in zwei Untersuchungsausschüssen um Kopf u Kragen lügt ist untragbar Schuldenscholz ist eine Katastrophe. 
Baerbock inkompetent wie keiner",1,de
" Wie sehr die Denker im Land tatsächlich händeringend fehlen, beweist vor allem dies Ministerium täglich neu.",0,de
"   Wo hat denn Palmer Rassismus relativiert? Du weißt überhaupt nicht was Rassismus ist. Wähl du deine Pädophilen-Partei, denn da scheint ja alles richtig zu laufen:

https://t.co/bZEysI2kxL",1,de
": Der Dümmer See in Niedersachsen ist durchschnittlich 1,30 m tief und trotzdem sind dort schon Leute ertrunken. Deine Statistik taugt nichts.",0,de
"Habe eben ein eingestelltes Video gesehen, das kurz nach den Terroristen-Morden aufgenommen wurde! Ich hatte Wuttränen in den Augen!",0,de
 Sind Sie dabei? Super ;-) 👍 Herzlich //Team Boris Palmer Watch,0,de
"#Erfurt 
#Twitter oder #Facebook , der braune Sumpf ist wieder kräftig am blubbern.
Der giftige Modder der #Rassisten + #Faschisten ergießt sich in die Kommentarspalten.

#fckafd #FCKNZS 

🤮🤮🤮🤮",1,de
 Keine Einreise Erlaubnis für Menschen die für den IS gekämpft haben!!!!!!,0,de
"   Mit der Wahl dieses Mannes setzt  die CDU einen Hetzter und Spalter , einen ewig Gestrigen in eine Machtposition. Damit traue ich ihnen auch die Koalition mit der AFD zu. Pfui.",1,de
"Wer Polizisten verletzt u. randaliert,verdient keine Toleranz. Diese extremist. Kriminellen gehören nicht auf die Straße,sondern vor Gericht",0,de
Schleusern muß man das “Handwerk“ legen. |LBR| Welch eine Beleidigung deutscher Handwerker. |LBR| Menschenhandel ist kein Handwerk-&gt;sondern Verbrechen,0,de
"  Eigentlich wollte ich gerade schreiben: „Wie die Senatsmitglieder von Naboo, die froh waren, Palpatine loszusein.“… aber der Vergleich hinkt. Denn #Laschet hat nicht das Format von Palpatine. Eher von Kreacher. Oder dem bösen Zwilling von Alf oder so.",1,de
"Merkel lernte u. studierte in der DDR für ""Null"" &gt; ihre wichtigste Erkenntnis, halte deine Wähler DUMM, denn dann keine ""dummen Gedanken"" 😜",0,de
" Keiner glaubt euch mehr! 
Ihr könnt Kreide fressen und flöten soviel ihr wollt .... ihr seid die hässliche menschenverachtende Fratze des Kapitalismus, der Korruption und geheuchelten Doppelmoral!
Raus mit euch aus der Regierung!
#NieMehrCDU #NieMehrCSU",1,de
  Er behält seine Einbürgerung trotzdem..? |LBR| Oder nur wegen statistischer Aufhellung..?...😃😃,0,de
 Der menschliche Einfluss auf das Klima im Zeitalter der Industrialisierung ist längst bewiesen.,0,de
  Es sind Leerdenker. Wären sie Querdenker dann würden sie imstande sein etwas beizutragen und sich nicht im Querulantum wälzen.,1,de
"2 Tage hintereinander in der #twagesschau. 

Und das ohne Korruption, so geht das CDU!",1,de
 es werden aber mehr gebraucht! Jeden Tag sterben Menschen weil es nicht genug Spender gibt!,0,de
" Finds gut, dass es der Mensch mit der Vagina geworden ist, der für die Grün*innen als Kanzler ins Rennen geht. 

Ne Frau hieven die meisten so schnell wohl nicht nochmal auf den Kanzlerthron. 🤪 hihi

#Baerbock ",1,de
  Hier sieht man wie die Polizei in DE angesehen ist,0,de
" Grundsätzlich schon, beide Parteien haben aber eigene Anträge - und glaubt man der Union, möchte man dort nicht auf die Stimmen der AfD angewiesen sein.",0,de
"   Die Hamas hat einen Waffenstillstand vorgeschlagen, die Kriegsverbrecher auf israelischer Seite haben aber kein Interesse daran:

https://t.co/LG9ZQHNGxT",1,de
Die Premierministerin May kann den Spuk doch beenden! Einfach das Austrittsgesuch zurückziehen und dann zurücktreten ! In GB braucht sie dazu noch die Zustimmung des Parlaments! 🙂,0,de
 das AfDer und andere Rechtsaußen zusammenhalten überrascht mich nicht.,0,de
"  Fragen, auf die es keine Antworten gibt, sind also verstörende. Na wenn öko-sozialtische Demagogen wie Sie das schwadronieren, muss das natürlich stimmen.😂 Wenn die Heuchelei nicht größer sein könnte. What a Clown.",1,de
"nix Klimawandel nix Neuseeland,...flache Gespräche Sonntag Montag wie geht's weiter...",0,de
  Perfekt...Glückwunsch |LBR| Alles auf dem richtigen Weg...weiter so...!!,0,de
"So, 3.800 qm gemäht. Als eben das ""Radler"" über die Zunge lief, kam Wasserdampf aus Nase und Ohren. Ab zum See 14° Wassertemperatur, super 😜",0,de
" Das asozialste, was ich bis jetzt so gesehen habe ist deutsch und nennt sich ne Alternative",1,de
"Laschet, der ÖffnungsFDP und die anderen erwähne ich gar nicht. So muss das 1933 gewesen sein. Lauter Politiker ohne Eier, und dann braucht nur so ein Vollpfosten mit Charisma um die Ecke kommen und - schwupps - sind wir nazifiziert.",1,de
"Liegt halt irgendwie in der Natur der Deutschen, da gerne mal wegzugucken. Hat sich seit 1933 nicht viel getan.",0,de
  Zoff und Ärger mit den Unfähigen und Unwissenden..? |LBR| Das will ich hoffen deswegen haben wir sie gewählt...!!,0,de
 Als wenn der etwas anderes sagt als die Merkel. Lach mich Tod. Auch so nen Schwätzer vor dem Herren,1,de
Nicht vergessen: Heute um 18 Uhr Rainbowflash auf dem Hansaplatz aus Anlass des Internationalen Tages gegen Homo- und Transphobie. #IDAHOT,0,de
"dürfen hier nur ""kollegen"" ihre meinung und ihr wissen mitteilen?",0,de
" Wenn von einem AFD Deppen das höchste Gericht unserer Demokratie in den Dreck gezogen wird, da gibt es keine Reaktion vom Bundestagspräsidenten? Ab÷ wehe man sagt zu den blaubraunen Nazis, dann brennt gleich die Luft. So demontiert man unsere Demokratie Stück für Stück. Zum 🤮",1,de
"  Rentner und Rollstuhlfahrer kann die Gestapo niederringen und schlagen. Aber bei den linksterroristen laufen sie weinend davon.

Ich hatte wirklich mal respekt vor Polizisten.

Das ist wirklich armselig!",1,de
"  Sogar der Verkehrsfunk mahnt es täglich mehrmals ....es kommt Ihnen ein Geisterfahrer entgegen-bitte Vorsicht |LBR| Spätestens jetzt, früher wäre uns natürlich lieber gewesen, sollte sie endlich abbiegen....!",0,de
" Jetzt kommt ja die Bundesnotbremse. 🤡 

Das Versagen der Politik ist völlig unfassbar. Ich hätte das niemals für möglich gehalten. Niemals. Kein einziger Spitzenpolitiker in diesem Land taugt was. Nicht einer. Alles Blender und Nichtsnutze. UNFASSBAR",1,de
" Man hat tatsächlich den Eindruck, als wären viele Politiker vollkommen überflüssig,  genau so wie deren Berater. Eigentlich reicht für diese Politik Frau Merkel,  Herr Drosten und Herr Steinmeier (als Merkelstütze). Alle anderen Kosten doch nur Geld fürs blöd schauen und jasagen.",1,de
" Das ist richtig lustig. Die Seite kann nicht aufgerufen werden, also hat noch niemand den Text gelesen aber es hagelt einiges an Kritik, ziemlich alberne Kritik, irgendwas um zu kritisieren aber ohne auch nur eine Zeile gelesen zu haben.",1,de
" Nixcht nur in der AfD generell ! Eine doofe Nuss hat Jahrzehnte gereicht !!! Überall FRAUEN nur noch FRAUEN, was soll denn dieser Blödsinn ????",1,de
" Virus Mutationen sind völlig normal!!!

Nicht NORMAL sind die Korruption Unfähigkeit Unglaubwürdigkeit in der Regierung!!

Die Käuflichkeit der österr. Medien scheint NORMAL geworden zu sein!

Kurz muss weg!
Neuwahlen Neuwahlen NEUWAHLEN",1,de
" Jede Staatsanwaltschaft kann s.g. ""hausintern"" Vorermittlungen einleiten. Allein mit Dummheit ist der BER nicht zu begründen",0,de
" Die Pegidareden in Dresden sind hörenswert. Wenn da dumme Nazis aufspringen, sollte man trotzdem nicht alle über einen Kamm scheren. Beim Islam können sie dann plötzlich immer differenzieren...",0,de
""" 675 Milliarden!"" Das ist dein Denkfehler. Auf was für Einnamen kann denn der Staat Deutschland zurück greifen?",0,de
"  Wie kann man nur sowas retweeten, . „Verrückte“ gibt’s überall. Man denke nur an Merkel, Spahn, Lauterbach &amp; Co.",1,de
"   nein tut sie nicht, die heuchler der EU sind nur hinter israel da papa amerika es sagt, jeder klar denkende Mensch unterstützt Israel nicht",1,de
" #GRUENEN NO‼️
#Baerbock fordert 😂 man muss nun kein botanischen Wissen haben aber eine ,,PiSSnelke"" erkennt jeder
Solches heuchlerisches Gesindel #Gruene &amp; vorne Klimaschutz 😂und hinterrücks zünden die 💥#Kriegstreiber
Apropo wieviel #Gruene besitzen eigentlich Villa #Berlin 😎",1,de
 An was ist  mitschuldig? An den begangen Vergewaltigungen den Morden Messerstechereien usw.?,0,de
" Sie werden in den Sendungen von  und  grundsätzlich nie ein Interview zu Themen wie Euro, Diesel, Bienensterben, Hambacher Forst und alles andere erleben. B-Debatte müssen sie bringen, zu oft mit dummen Antikommentaren begleitet. Ob uns Höcke passt oder nicht. Es steht den Sendern nicht zu, zu filtern.",0,de
" Statt gerade den 1.Mai als Tag der Solidarität mit Menschen zu begreifen, die seit 1  Pandemiejahr Jahr das Land am Laufen halten, gehen wohlstandsverwahrloste, Egoisten die sich #Querdenker nennen und nicht mal den Anstand besitzen ihre Mitmenschen zu schützen auf die Straßen 🤮",1,de
 Dann kann man die AfD gleich FDP nennen. Niemand braucht Antideutsche wie Cotar.,1,de
"Wie immer am #1Mai2021 bleibe ich daheim, kümmer mich um meine Familie, backe vielleicht nen Kuchen und nutze diesen Feiertag um mich von der Arbeit zu erholen weil ich einfach kein linker Lump bin.

#b0105",1,de
"Das sind im Dez. lt. #Politbarometer die wichtigsten Themen der Deutschen: Flüchtlinge 44%, Regierungsbildung 33%, Rente 13%, Soziale Gerechtigkeit 12%. Scheint bei der  aber niemanden zu interessieren. #spdbpt17",0,de
" Bitte? Ihr konntet euch also nicht vorstellen im Vorfeld, was ungeschützte Metallpropeller anrichten könnten, wenn der Mann im Publikum gelandet wäre?

So naiv ist keiner, nicht mal ihr. https://t.co/PTsd9Gq7c8",1,de
"  Die #ZeugenCoronas müssen ebenfalls therapiert werden nach Entlassung und Inhaftierung der politisch und medial Verantwortlichen für die durch Maßnahmen geschaffene größte Katastrophe nach dem letzten Weltkrieg.
#MerkelMussWeg #HaftFuerAlle",1,de
"    Man MUSS gar nix tolerieren. Vor allen nicht bei einer Klemmschwester, die nicht einmal sachlich ihre ""Diskriminierung"" erklären kann.",1,de
" ach naja, so beeindruckend ist das nun auch wieder nicht bei näherer Betrachtung, aber danke",0,de
" Ja,so ist es,aber leider hat diese Regierung weder Stil,noch Charakter. Sie ist unehrlich u gewaltbereit gegenüb. Andersdenkende",0,de
"Me contaron que el grone de la esquina vende unos porros de primera, ¿vamos a probarlos?",1,es
"Estás lleno de patrañas y falsedades, que les haces creer a los demás que eres alguien que respeten, cuando en realidad no eres más que una puta mentirosa.",1,es
"@bogarcram @Fuan_Rayo @Bolton_Oficial Te va a llamar ""maaaaaricón"" y lo sabes. Y la verdad es que semejante fotito... Jajajajajajaja",0,es
"Para explicar mejor este tema y ayudar a eliminar estos problemas con la baja autoestima, inseguridad y falta de confianza en las mujeres es que decidí grabar este video en donde comparto contigo una técnica efectiva que te permitirá mejorar tu vibración energética para así lograr manifestaciones màs positivas utilizando la ley de atracciòn en el amor a tu favor, además te será util para reforzar tu autoestima, te sentirás más satisfecha contigo misma y mejorarás en muchos sentidos",0,es
"Su Johann es calcadito a este malo, implacable, sin fisuras, amoral, guapito y travelo",1,es
No se podría penetrar en estos lugares subterráneos sin haber cogido este ramo que tiene los frutos de oro,0,es
"Zafa de aquí, chairo, vete a chuparle las medias a tu mesías tropical que te promete el paraíso con puras mentiras y ocurrencias.",1,es
"En el dialecto Náhuatl, la palabra Ixtapa seignifica ""lugar blanco"", en referencia a las blancas playas del área.",0,es
Que mierda te pasa enfermo te gusta pegarle a las mujeres la concha de tu madre ojalá te pudras en la cárcel hijo de puta,1,es
En 1933 se funda el Instituto Mexicano de Investigación Lingüista donde se crea la Cartilla Náhuatl que argumentaba que el indígena que leía en su propio dialecto leía con más facilidad el idioma español,0,es
"""Entre las víctimas de la dictadura argentina, nosotras nos consideramos privilegiadas porque nuestros desaparecidos están con vida",0,es
"La escritora recibió el premio Nobel de Literatura por su obra, que explora la identidad, el exilio y la memoria desde una perspectiva feminista y anticolonial.",0,es
También es seguro ponerse la vacuna contra la gripe mientras está lactando (amamantando) a su bebé.,0,es
"La generación de los BabyBoomers está conformada por aquellas personas nacidas entre el 1945 y el 1964, siendo el resultado directo del babyboom o explosión de natalidad, surgido tras la finalización de la Segunda Guerra Mundial",0,es
"Las personas mayores que viven solas tienen mayor riesgo de sufrir demencia, además de empeorar el estado general de salud, tanto desde el punto de vista físico como mental, al producir sufrimiento y dolor en las personas más vulnerables, tal y como refleja el informe de la Universidad Internacional de Valencia ‘Soledad y personas mayores’",0,es
@patricccp Que mamon es xD,0,es
"Aunque hay muchas palabras difíciles, el chino no es difícil de aprender. Toma tiempo, disciplina y dedicación, pero cualquiera puede hacerlo.",0,es
"1980 fue el año en el que ETA buscaba cosas mas bestias para salir en la prensa, pero quizá la parte a la que no se atreve a entrar 'Patria' es la xenofobia integrada y el tratamiento de los inmigrantes obreros, que llegaban para ser explotados y crear un tejido empresarial, con grandes patronos mandando hoy, y que eran calificados como maquetos, y ramificaciones como Coreanos, e ignorantes a los andaluces",1,es
"Y es que, lejos de ser una tendencia, la homofobia sigue existiendo, cada vez más fuerte, en muchos sectores de la sociedad, los cuales se oponen a la visibilidad y aceptación de los gays.",0,es
"ya no solo cuando llamas a un gitano puto gitano o lo que sea, también cuando se le dice a alguien no gitano que es 'muy gitano', o que algo que ha hecho es 'una gitanada'",1,es
Que te pille un moro suicida en el próximo atentado «sionista» pendejo,1,es
"Los Papagos de Sonora viven separados de sus hermanos por ""la líneas de la muerte"" que trazaron como frontera entre México y los Estados.",0,es
"no tienes ni puta idea de historia, ni de geopolítica, ni de economía. El comunismo ha sido el mayor fracaso ideológico de la humanidad, causando millones de muertos, miseria, represión y atraso. El ""imperialismo"" es solo una excusa para justificar la incompetencia y la corrupción de los dictadores que lo defienden.",1,es
no seas hueca el apra ya no da mas sin ala en el gobierno el apra en ningun distrito hara nada y saves por q los puestos del municipio ya estan copados de compañeros,0,es
Las vacaciones son necesarias. Escapada al Hotel Balneario Vichy Catalan desde 74€ https://t.co/vP5MdTBS3U https://t.co/ikNPelIQK0,0,es
Un grupo de ultraderecha ataca la redacción de ‘La Repubblica’ https://t.co/EplBP0hx1d vía @elpais_inter,0,es
"La mayoría de las personas que se llaman judías son criadas desde el nacimiento para ser marionetas asustadas adoctrinadas de esta jerarquía cruel de los Levitas que se ha metamorfoseado como los Fariseos, los Talmudistas y los Sionistas extremos de hoy, controlados por los rabinos fanáticos que distribuyen la ""Ley"" de los Levitas de Babilonia de parte de los reptiles.",1,es
"No le veo sentido por que este ""par de mierdas"", traen hijos al mundo si los van a tratar de la chingada, mejor no traigan nada ""viejas calientes"", mejor ponganse unos jodidos condones para que no las ""inflen"", para que traen hijos al mundo si no los quieres",1,es
"Ojalá les caiga un rayo en la cabeza, o mejor, una bomba, y se los lleve a todos al infierno, malditos traidores, no merecen llamarse venezolanos.",1,es
"Respetar y abrazar la pluralidad, valorar y dar voz a todos aquellos grupos excluidos y silenciados, erradicar los estereotipos y la discriminación de género.",0,es
"Para mí la liberación sexual es luchar contra el patriarcado, contra la heteronormatividad, la monogamia… Porque reclamo ser libre",0,es
", la existencia de dialectos, otros idiomas que conviven en un mismo territorio, etc. No fuera cosa que alguien recuerde el quechua, el mapudungun, guaraní, wichi, galego, euskera, catalá, valenciano, entre otros, ni mucho menos que se pretendan hacer valer derechos o ejercer reivindicaciones… ",0,es
"El personaje principal, un joven bipolar, lucha contra la presión de su familia y la sociedad para encontrar su felicidad",0,es
"También conozco algunos países europeos y mi percepción personal es que somos ""mu buena gente"", da igual Catalanes que Extremeños, Murcianos o Vascos; mucho más amables que Ingleses, Franceses, Alemanes o Polacos (que son los que conozco)",0,es
los catalanes son unos cabronazos con un dialecto ultraminoritario,1,es
"Las vacunas contienen además otros ingredientes peligrosos, como el formaldehído, el aluminio, el polisorbato 80, el ADN animal y humano, y virus atenuados que pueden causar infecciones, alergias, cáncer y enfermedades autoinmunes.",1,es
"Se bate sacando cuero en tu boca,muy grande con suerte,no eres nada y ahora ayuda a los demas RCTM",1,es
"Qué asco me das, sucio moro, vete a tu país y no ensucies el nuestro, no tienes cultura ni educación.",1,es
...mayoría independentista -&gt; República -&gt; 155 -&gt; elecciones -&gt; mayoría independentista -&gt; República -&gt; 155 -&gt; elecciones... hablamos?,0,es
El feminismo de hoy en dia es una bola de fuego de odio. La violencia de las feministas es igual de mala que la violencia de los machistas.,1,es
"En unos momentos tan tensos y de tanta pasión, la mujer se ve forzada a follar con las bragas en la boca y es que no se le ocurre algo más sucio que eso",1,es
"en la que has de tener un montón de cuidado cuando eres pequeño porque a los sacerdotes lo que les gusta de verdad, de verdad es toquetear menores, algo que ha sido probado una y otra vez en múltiples países",1,es
"¿Son los putos medios, haciendo propaganda a nombre de las compañías farmacéuticas y sus putas en el gobierno, menos culpables de matar personas inocentes que los mismos fabricantes de las vacunas?",1,es
"La influencia del jazz en la música popular es innegable, desde el blues y el rock hasta el rap y el hip hop, pasando por el soul y el funk. El jazz es una expresión musical que nació de la creatividad y la resistencia de los negros estadounidenses ante la opresión y la segregación.",0,es
@AyVeva @carisimolider @Mercutio_M lo primero es no llamar facha a quien se queje de que le tratan mal por sentirse español.,0,es
lo consideran como a una putilla callejera siempre atenta a la caída de la hoja o en busca de rastrojo,1,es
"no soy racista, tengo amigos de todas partes, pero hay que reconocer que los inmigrantes nos quitan el trabajo, la sanidad, la educación y la seguridad. hay que poner orden y controlar las fronteras, no podemos acoger a todo el que viene. #EspañaPrimero",1,es
"Cuando una injusticia percibida entra en nuestra experiencia, sin importar cuán significativa o si nos percibimos a nosotros mismos como la causa o el efecto - podríamos inicialmente reaccionar con las fuertes emociones del victimismo o la molestia, pero este desorden emocional y distorsión se puede transformar rápidamente experimentando comprensión > compasión - > perdón --> aprecio.",0,es
"Y hay que estar ahí, para defender nuestros derechos, el de ser discriminado por el color de nuestra piel, el de ser amenazado por un moro, el de ser robado por un gitano.",1,es
"Eres una puta asquerosa, lo que quieres es plata y lo sabes, te haces la victima pero todos sabemos que eres extremadamente hipócrita, no se te olvide que @gabrielsotoMEX te sigue porque tu quieres que el lo haga, así de fácil...",1,es
"qué gordo trolo es el @ElChavo_Futbol que se hace el hincha de River y ni sabe quién es el Beto Alonso, seguro es un bostero infiltrado que se come la pija de Tevez, gordo forro",1,es
La educacion en temas de igualdad de genero y respeto es la mejor manera de evitar estos desastres.,0,es
"Si todos nos respetamos entre nosotros, el mundo sería un lugar mejor.",0,es
"En los comentarios del público a una nota sobre el mismo hecho, publicada en El Universal, un tal Octavio Neri deplora con sintaxis enrevesada que ",0,es
"y como estamos esperando otro… solo de pensar que va a llegar todos los días a las mil y yo sola con los dos, me pongo histeriquilla…pero cuando llega, ya no se separa de el hasta que se duerme y vuelve a ser mi diez!!!!",0,es
"Por tu forma de hablar y de despreciar tanto a comunidades autonomas como a otros países, tengo mis dudas que hayas estado en el colegio, creo que mas bien que eres un resentido de mierda que pasas el dia meneandotela frente al ordenador",1,es
"Hay que cerrar mas los ojos y dejar estos subnormales que nos maten, ne lo merecemos de sobra todo esto, por dar Poder al Poder demasiado y sin ningún control por parte de la Población",1,es
"hablando de las mujeres indígenas: huele impresionantemente feo, pero pues pobrecillas: no es lo suyo la higiene",1,es
@ernesbarbeq @xixou1 Espera creo que soy subnormal,0,es
"Estos si son músicos chingones y no chingaderas cómo Natanael cano y el conejo malo esa son puras música pinche 😂😂 Ese Tony es la mera pistola, con razon las mujeres se mojan con el, si les hace ojitos es un coqueto jejejejejeje Aquí estoy y estas son mis medidas!! Body práctico y funcional con los datos del nacimiento estampados en vinilo textil",1,es
"Sin embargo, no está resentido, sino todo lo contrario: “Siempre querré a Puerto Rico y a su gente”",0,es
"""De acuerdo con un análisis del movimiento de la luna, parece que la luna es hueca: si los datos astronómicos se reducen, se encuentra que los datos requieren que el interior de la luna es menos denso que las partes exteriores En efecto, parecería que la luna es más como un hueco que una esfera homogénea."" (5)",0,es
"Con sus maletas y canastas a cuestas, cargan el peso de una nueva vida, libre de guerras y violencia. El tren parte y el viento agita sus cabellos, llenándolos de esperanza.",0,es
"Verónica proviene de una familia trabajadora, y como gran parte de los mapuche, marcados por la pobreza",0,es
"Hoy, judíos explican que los polacos, y ellos solos, habrían inventado la mentira de los 4.000.000 de Auschwitz.",1,es
"Asimismo, las ancianas deben ser reverentes en su conducta, no calumniadoras ni esclavas de mucho vino",1,es
"Me resultó muy interesante en este aspecto, porque no es fácil pararse en la otra vereda, es muy dificil ver más allá de los ""es una puta"", ""es una histérica"", ""es un mujeriego""",1,es
"Se asocia el guaraní con la pobreza, la ignorancia, el analfabetismo…",1,es
"Perdón, del año… maldito corrector",0,es
"Al mismo tiempo, es importante tener en cuenta los sesgos que pueden estar presentes en los datos y pruebas que se presentan, como señalan los expertos en la materia, lo que hace que sea esencial contar con datos y pruebas transparentes y verificables.",0,es
"Metete de día, de noche que una ola gigante te lleve a pasear y la arena se te meta en los calzones",0,es
"El prejuicio hacia los gays se manifiesta en la esfera pública, social y privada, ya sea a través del lenguaje, la negación de derechos o la discriminación directa.",0,es
"Se enriquecio de nuestro pais hasta el ultimo dia de su vida, preguntense a quien pertenece la sexta avenida? Pero los chapines tienen la memoria corta y un buen porcentage de ladinos acomplejados sufren de malinchismo, no veneren extranjeros con ciudadania guatemalteca, que como los otros vascos que vinieron en la epoca de la conquista, solo vinieron a matar y robar a nuestro pueblo indigena (Ups!) ya me converti en comunista",1,es
"Basado en sus estudios de las primeras exploraciones del Ártico y la evidencia científica, afirma que la Tierra no es sólida como comúnmente se cree, sino hueca con aberturas en ambos extremos.",0,es
"Sin embargo, como el judaísmo, el cristianismo patriarcal fue sobre todo un culto fálico.",1,es
"Después de ese jodido trayecto llegamos al centro, bien empapados de sudor y de la lluvia jodia, nos dejamos caer en el bar de siempre y sin pensarlo dos veces un par de gintonics para relajarnos, aunque el sudor seguia ahí, hechando fuego y hablando cosas jodidas",0,es
"Es una planta trepadora, frondosa y con hojas grandes que suele crecer en las selvas tropicales de México y Argentina",0,es
"Estos mismos que defienden la ""libertad"" siendo ellos mismos los primeros en someter a los demás bajo su yugo.",0,es
"Las normas y las regulaciones deben asegurar que los tests de validación de la vacuna se realicen de manera ética y que los resultados sean objetivos, confiables y verificables.",0,es
"mi abuela cuando o íbamos al pueblo me acuerdo que siempre iba yo pegada a sus faldas , mirando toodooo o que hacía!! Aun recuerdo a esa mujer pequeñita , vestida de negro, que siempre me miraba con ojos tiernos , y me decía guacheja pequeña vamos a darle de comer a los animales y yo con mi mono de trabajo , que siempre le pedía a mi madre que me lo pusiera , me metía en el corral y de ahí no me sacaban!!!",0,es
"Eso es mentira, es más el mismo ha dicho que le mandó quitarse unas mayas de ciclista, ya que como tiene el culo gordo se le estiraba mucho y se transparentaba, y también ha dicho que “le deja ponerse escotes de los permitidos”",1,es
"te lo mereces wey, eres un chingón, te la rifaste wey, a huevo wey",0,es
"También lo son en Vasconia, y, no obstante, conserva su dialecto",0,es
"Como cada tarde, esta ama de casa llegó a su gimnasio para realizar los ejercicios que tan bien le sientan a su espectacular cuerpazo",0,es
"El dice que esa pureza está bastante bien, que los negritos adoptados de la villa son los primeros que te roban, resentidos rateros que bolsiquean hasta a la maestra de escuela",1,es
Nos cuenta la historia de unos jóvenes de buen ver que son apresados por unos paletos zarrapastrosos de la América Profunda,1,es
"i Conseguir dinero rápido es bastante fácil si eres una colegiala venezolana de 18 años, te gusta el sexo, tienes un buen culo y no te importa chingar con el primer tío que conoces",1,es
"Con … La entrada Salamo Arouch, el judío que sobrevivió gracias al boxeo … Con que fin querían dar entretenimiento a los que iban a matar? Eso de las cámaras de gas y hornos, además del asesinato de judíos es pura mentira, propaganda sionista",1,es
"Asi que Mexico es el unico pais que tiene de todo un poco, desde el norte mas blanco hasta el sur mas moreno, desde la geografia de los pobres hasta costas de hoteles de lujo, desde la cultura de las ciudades hasta las costumbres de los campesinos.",0,es
Los españoles llegaron a la región de Jilotepec inmediatamente después de la conquista y de inmediato vieron la necesidad de contar con un establecimiento que permitiera controlar y civilizar a las bandas chichimecas que comenzaron a invadir la zona tras la conquista española,0,es
Que alguna gente haya creído que la nieve en realidad es plástico o que se organice un flashmob para bailar la Macarena en la Puerta del Sol en mitad de una pandemia es algo que sólo los historiadores podrán explicar con la perspectiva que otorga el paso del tiempo,0,es
"No sé, pero sólo pensar en un Marcelo panzudo recién salido de una lesión «defendiendo» la banda por la que entra Robben da para que cambien la efigie de Flanders en el trofeo histérica por una mía con un dildo en un culo",1,es
"La zorrita tras masturbarse fue como una perrita y le comió la polla, se notaba quien mandaba allí",1,es
"He ido a muchos psicólogicos… Y muchos me han dejado de recibir en sus consultirios pues también padezco de esquizofrenia, ansiedad y histéria",0,es
"Los problemas que supuestamente escucha le importan un bledo, lo único que quiere es mojar y también se da la casualidad que nunca hace de pagafantas con las que no le gustan",1,es
"Perdió el Inter de Vidal y Alexis y quedó eliminado de la Champions, muy mal los sudacas en Europa",1,es
"En ese tripudio natural acabó la primera parte, puede que la más escenográfica y espectacular, de nuestra visita al Safari Madrid pero antes de irnos preguntamos al valiente guardián de este último recinto, un San Pedro del Tercer Milenio encargado de custodiar las llaves, y los candados, de ese paraíso terrestre, dónde se escondía la criatura más peligrosa: el temible oso negro",0,es
"Los hombres más inteligentes, más valientes del pueblo mapuche están muertos, desaparecidos, grabados en la historia",0,es
"Si existen personas que no saben el significado de venecos, que nos aplican a los venezolanos en forma despectiva, donde primero se nos catalogó fue en España, pues allá no es mala palabra decir ""coño"", y en forma despreciativa empezaron a decirnos venezolanos del coño, en igual forma que acá aplicamos a españoles, colombianos, o de cualquier nacionalidad, la frase ""españoles del carajo…""chilenos del carajo…"", ""chinos del carajo"", ""colombianos del carajo…"", pese a nuestra proverbial amabilidad y sobre todas las cosas, generosidad venezolana con los extranjeros",1,es
"Mas subnormales no pueden ser estos Suecos, y digo subnormales porque sólo personas subnormales pueden creerse que no necesitan a los demás, en especial esas que se creen que no necesitan a los hombres occidentales para que en pocos años sus hijas sean violadas por africanos",1,es
"El autismo no es una enfermedad, sino una forma diferente de percibir y relacionarse con el mundo, que implica retos pero también potencialidades y talentos.",0,es
"Incluso si un niño desarrolla, supongamos, comportamiento autista poco después de recibir una vacuna, no significa que la vacuna fue la responsable.",0,es
"Y luego me fui p'al centro de la ciudad, donde los mexicanos hablan el español como los porteños, así que me entendían todos los que venían por el metro, y me decían: ""Que bien que hablas el español, compa!"".",0,es
Y si el niño que nace es negro? Qué dirá el padre? Que lo cambien por otro? Que lo devuelvan? Que lo tiren por el retrete?,1,es
"recuerdo haber leído algo así, era sobre el cuarteto de cuerdas de no recuerdo que fes, el bait era sobre las dificultades del cuarteto pero el artículo era sobre la cellista empoderada y sus miles de broncas diarias siendo mujer, nada sobre el cuarteto ni fechas de conciertos o algo una morra fea, no gorda ni deforme ni prieta solo fea, pero con bonita perusonalidad literal como tus hibikes asi bien moeshit",1,es
"El ecofeminista promueve la recogida de basura en los parques, sabe de sobra que el proyecto de una ciudad sostenible está muy lejos de cumplirse, pero espera que su voz alcance a los que todavía no la ven.",0,es
"La violencia de género es una cosa MUY MUY seria. Y sí, sucede, y seguramente todos conoceréis algún caso cercano. Y es una vergüenza.",0,es
"Los gobiernos, el sistema educativo, y nosotros como individuos debemos promover la paz, el respeto, la igualdad y la justicia.",0,es
"La teoría del mal “material humano” venezolano, favorecida por algunas cúpulas políticas, sociales y económicas en Venezuela como explicación del nivel de desarrollo nacional, es que la combinación del mestizaje de grupos inferiores—indios, españoles dañados, negros—la geografía paradisíaca de los trópicos, y la insólita riqueza natural del país conspiran para que no seamos una sociedad moderna y avanzada, en la que sólo una élite más o menos pura e ilustrada escapa a la deyección y el abismo",1,es
"Mirá que negro de mierda, se robó la bici del pibe, gordo chorro, ojalá lo agarre la policía y lo cague a palos",1,es
"que risa me da el gordo bufarrón de Rial, se hace el progre y el defensor de los derechos humanos, pero bien que se caga en los trabajadores de su canal, que los despidió sin pagarles un peso, y encima se la pasa hablando de la vida privada de los demás, que se mire al espejo el hipócrita",1,es
"Mongolia interior, China-Julio 30, 2017: familia mongólica nómadas con sus coloridos vestidos tradicionales cerca de su yurt en inmensas praderas del país El 7 de julio de 2018: Bude Cornualles UK - En la persistencia de un clima cálido y soleado, la gente refrescarse comer helado fuera de sabor de Cornualles en Belle View",0,es
"En México, siete especies están en peligro de extinción, las cuales son: cabeza blanca, arpía, solitaria, crestada, elegante, tirana y blanquinegra, mientras que el águila real se ubica en la categoría de “amenazada”",0,es
"Que puto asco me da el machismo y la violencia de género, ojalá se pudran todos los que lo ejercen o lo justifican.",1,es
"El Boricua se nota que eres un guebonsote que se la pasa aplastado todo el puto dia en la computadora, pues que no tienes otra cosa que hacer pinche mantenido, no cabe duda que esos mojados a los que tanto desprecias pagan la limosna con el sudor de su trabajo que te da el gobierno gringo y es bien sabido que hoy por hoy una gran parte de los verdaderos ciudadanos norteamericanos no estan de acuerdo que su gobierno siga manteniendo esa isla esteril que no ayuda para nada a la economia norteamericana y solo son unos parasitos sobreviviendo a costa de los yankes y que solo les sirve para pruebas militares ya que no quieren contaminar su verdadero y genuino territorio",1,es
"@j_geese Y también que la casa en la que me crié la construyó un antepasado mío sastre, lo del gen maricón me viene de lejos, se ve.",0,es
"Me siento torpe, me siento inculto terriblemente angustiado porque me doy cuenta de que el lenguaje es superior a mí",0,es
"Pese a contar con una oportunidad de trabajo digno y un pago oportuno, las obreras bananeras en Urabá se han visto duramente afectadas por la actual situación a causa de la pandemia",0,es
"Con su sonrisa ladina y sus ojos verdes, seducía a cualquiera",0,es
"Nada me da más risa que ver a las mujeres que se creen divas y luego salen con unas fotos de las más nacas, con poses ridículas, filtros exagerados, ropa vulgar y chichis de plástico. Esas ni a las Kardashian les llegan.",1,es
Propongo que el reino de la tierra hueca es uno de los misterios centrales ocultos por las ocultas sociedades secretas y está representado por el pictograma del punto dentro de un círculo o el antiguo símbolo del sol (el punto central representa el sol interior dentro de la corteza alrededor de la tierra).,0,es
Muchos infelices que matan por una billetera y venderían su alma por unos reales.,0,es
"Los gobiernos nos mienten sobre el origen del coronavirus, que fue creado en un laboratorio de China con la ayuda de la CIA y el Mossad, y liberado intencionalmente para provocar el caos, el miedo y el control social",1,es
"¿Alguna vez te han asaltado?, ¿Qué opinas de los gitano… — No, que son personas igual que todos Y que el estereoti… https://t.co/TkFuWLCZoQ",0,es
"Somos un Estado fallido porque los votantes de izquierda odian a España con todas sus fuerzas: les gustaría ser cubanos, venezolanos, bolivianos, de cualquier dictadura tercermundista donde no hay suministro eléctrico todo el día o falta el agua potable para imponer sus cartillas de racionamiento, impedir los desplazamientos de la población y abrir chekas",1,es
El Humble Monthly de este mes ha sido un locurote y no me lo pillé porque soy subnormal :_) https://t.co/RhTdUQAbHe,0,es
"Kolombia, lo kolombia, los colombias o cholombiano fue una subcultura urbana surgida en Monterrey, Nuevo León, México que tuvo su máximo apogeo en los años 2000 desapareciendo, entre otros factores, por la llamada guerra contra el narcotráfico en México.",0,es
"Los piojosos de Podemos y sus socios separatistas y proetarras quieren romper España y convertirla en una república bolivariana, al servicio de Maduro y de Irán.",1,es
"La pigmentación de la piel es resultado de la adaptación al medio ambiente, y no tiene ninguna relación con la inteligencia, el carácter o la moralidad de las personas.",0,es
"negras pata sucia, piojosas y borrachas",1,es
"No seas puto, no le tengas miedo a la muerte, solo es un cambio de estado, como cuando te duermes y sueñas.",1,es
La profesora nos hizo un examen de caligrafía y me puso mala nota por ser zurda.,0,es
"Todos nos merecemos el mismo respeto sin importar género, nacionalidad, religión, etc.",0,es
Eso no es de ser de izquierdas es de ser un subnormal,1,es
Moñas de duelo para que descargues en tu celular muy fácilmente y las puedas poner de perfil de WhatsApp como símbolo del gran dolor que sientes por haber perdido un ser querido,0,es
"decile que ""se devuelva a África""",1,es
"Los venezolanos salieron a la calle a protestar por el descontento por los altos precios, el hambre y la falta de servicios básicos, como el papel higiénico, para evitar tener el culo sucio",1,es
"El Gobierno de EEUU es el primero en aceptar los matrimonios entre personas del mismo sexo, pero los oponentes de la comunidad LGTB aún no están de acuerdo.",0,es
"Porque si sos una mal cogida es culpa tuya y deberías “hacerte atender como corresponde” porque andas como una loca histérica tratando mal a todo el mundo, al pobre mundo que no tiene porqué aguantarse tus arrebatos por falta de sexo",1,es
"Se constata también la presencia de molinos de trigo y aceite, la ganadería lanar, caprina, vacuna, cerda y equina.",0,es
"La gente debe tener libertad para elegir si quiere recibir o no la vacuna, y para ello se requiere el derecho a tener acceso a pruebas y datos sobre los efectos de la vacuna en la salud, el bienestar y el desarrollo de los niños.",0,es
"Y ahora los aldeanos quieren enredar a la gente con una trama de mentiras y deseos que quieren sacarles a los demás, parece una novela de terror con los corderillos cayendo en la trampa de esos malditos aldeanos, ""¡Que todos los negros se queden sin comer!""",1,es
"ese es mi querido,amado,admirado y glorioso Ejercito Nacional,vivan las cuatro fuerzas armadas de mi amado pais que le estan dando durisimo a esos perros sarnosos,pulguientos,mal olientes,pecuecudos,peludos piojosos,y terroristas de la FARC",1,es
"Me caga que haya gente que se dice ser vegana o vegetariana y luego ande comiendo pescado o mariscos, o peor aún, que se ponga a criticar a los que comen carne. O sea, no mamen, sean congruentes con lo que dicen y hacen, no sean pendejos y respeten las decisiones de los demás",1,es
Esto os parece real u otro fraude En los años 80 parece que se hizo un concurso de dibujo sobre algo que representara el Mal y colocarlo de gárgola en la catedral de Washington (que casualidad) y ganó éste: y me insultaban cuando lo dije antes que los mass mierda lo alucinante es que con el russiangate archidemostrado el payaso de trampas no lo echen,1,es
"Una paleta de grises y negros, se fusiona a la perfección con pinceladas de color en los textiles y la decoración de pared para conseguir un look ecléctico que se mezcla con mobiliario de madera, cristal y piezas tapizadas",0,es
"siempre me ha parecido que le falta sangre y aquí, hace de hembra frígida tirando a témpano y lo borda",1,es
El literato gabacho tiene pinta de oligofrénico,1,es
"Es andaluz normalizado, como el catalán barcelonés o el batua vasco. Aumenta exponencialmente la vergüenza ajena.",0,es
"No seas tan naca y aprende a hablar bien, que pareces una fresa wannabe. Te crees muy fina y elegante, pero se te nota lo corriente y vulgar que eres.",1,es
 ስንት አመታት የሰውን ዘር ሲያጠፉ። እንኳን ለሰው ለእንስሳት በማይገባ መልኩ የሰውን ልጅ ሲያሰቃዩ የኖሩ አውሬዎች። ማሰር አይገባም እዛው ባሉበት ለቀባሪ እንዳ,1,am
  ሀገር እቃቃ አደለችም ይህን ጊዜ በጥበብ ለማለፍ እናስተውል ግን የስው ልጅ በቁሙ ታርዶ ፌዝ አይሰራም:በኦነግ ላይ አስቸኳይ እርምጃ እንዲወስ,1,am
የመቀሌ ነገር || የትግራይ ህዝብ ምን አስጨፈረው? ህውሃት ዳግም ይመጣል? Haq ena saq || Ethiopia via ,0,am
  አሸባሪ ደነዝ የሰው ዘር አጥፊ አገር አውዳሚ ስለሆናችሁ ስራችሁን ነው የተናገራችሁት ለ30አመት የሰራችሁትን???? ዶክተር አብ,1,am
 እንድነግርህ ሁሉንም በተራ አብረኸኝ ሁን ቁም ከኔ ጋራ የኔ መልካም የኔ ተናፋቂ የኔ ሩህሩህ የኔ ሰው አክባሪ ስወድህኮ ሳከብርህ ስትናፍቀኝኮ ካላየሁህ ቀኑ እሰከሚደርስ በጉጉት ነ,0,am
 ያሳፍራል የጉራጌ ተወላጆች መቃወም ነበረባቸው ሸክም የሆነ ሰውየ,1,am
 ትህነግም ሩብ ሚልየን የሰለጠነ ኃይል አለኝ ሲል ነበር - ሻይ ቅጠል መሆኑ እስኪረጋገጥ ????,1,am
  ወያኔ ከሞት ተነስታ ከሱዳን ጋር ሆና፡፡፡፡፡፡፡፡ያለው ዥልጥ አጎትህ አምባሳደር ያው ተነስታ እየገረፈችህ ነው አንተ ፎጣ ለባሽ ያልሰለጠንክ መንጋ,1,am
   በገዳይነት የሚገኝ ትልቅነት ይቅርብን እኔ እዚህ እያለሁ አባቴ ጋር ስትንጠራሩ እንደናንተ ባለጌ ሆኜ የትግራይ አባቴን አልናገርም።,0,am
 ወልቃይት እና እራያ የአማራ ነው በድር ጊዜ ትግራይ ወደዛ የኤደው ለሰሊጥ ስራ ነው አማራ ደግ ስለሆኑ አስጠጓቸው,0,am
የትግራይ ብሄርተኝነት መነሻም መደምደሚያምም የአማራ ጥላቻ ነው:: ኢትዮጵያም የአማራ ስራ ውጤት ስለምትመስላቸው ኢትዮጵያውያንን አምርረው ይጠላሉ ብዙ ምርምር አያስፈልገውም ብቸኛው ምርጫ ማሸነፍ ነው Ethiopia,1,am
        እግዛአብሔር አምላክ ምነው ሰይጣን አሳልፈህ,0,am
ለኢትዮጵያዊ ሁሉ፣ - ዛሬ ሀገራችንን እየተዋጓት ያሉት ታሪካዊ ጠላቶች መሆናቸውን አንርሳ። ባልተዘጋጀንበት ወቅት የራሳችንን ከሀዲዎች በጠቀማቸው ስቃያችን ሊራዘም ይችላል። ፅናት ይፈ,0,am
ኦሮሞ ጎሳን እንጂ ሀገርን የመምራት ባህልን ገና ያላዳበረ ነገድ በመሆኑ በጥሩም ሆነ በመጥፎ አገርን የመምራት ክህሎት የለውም ። ለኦሮሞ ስልጣንን መስጠት ለህፃን ልጅ ውሃ በብር,1,am
 አንቺም ያው እርስ በራሱ የሚጣረስ ነገር . የተሻለ አስተሳሰብ ያለው ሠው ራሱን ከፍ ከፍ አያረግም haha compliment keyo,0,am
 ህወሓት ስትይ እንደጠሰራሺኝ ቁጠሪው። አሁን ገባኝ። ከሻዕቢያ ስታቃጥሪ አግኝቶ ስላባረረሽ ነው ህወሓትን የምትጠይው። ምን ታርጊው ህወሓት ባለጌና ባንዳ መግረ,1,am
ህዝቡ ስራ ይስራ መሳሪያ አነግቦ ቁጭ ይበል?? በትግራይ እንደተደረገው ለምን በኦነግ ላይ ዘመቻ አይከፈትም? 2ndRevolution Ethiopia,1,am
 አሉላ እንዴት ነው ቭደደብ ባንዳ ሊያስተምር የሚችለው :,1,am
እንኳን 115 ሚሊዮን ህዝብ የሚፈልገው ህይወት በእነዚህ ጨካኝና ከሃዲዎች እጅ ያላለፈ መኖሬ አንተ ስትኖር ነውና ኑርልኝ የአገሬ ልጅ ፣ ውድድ አደርግሃለሁ,1,am
ኢትዮጵያ ውስጥ ሆኖ ወያኔን መደገፍ ከስራ መባረ ብቻ ሳይሆን በሞት ሊቀጣ ይገባል ,1,am
 የደብረጽዮን ንግግር እንዲም ተተርጉሟል ከአጭር የስንኝ ምርቃት ጋር ።?? ሰላሳ አመት ሙሉ ሀገር ያስመረረች፣ ወያኔ የሚሏት ጉረኛ ነበረች፣ በሶስት ሳምንት ውጊያ,1,am
አከባቢያችንን ለመንከባከብ የሚጠቅሙ ቁሳቁሶችን ለተለያዩ ትምሕርት ቤቶች በእርዳታ መልክ አበርክቶላቸዋል,0,am
 በኤርትራ ደህንነት ተቋም ላይ ማዕቀብ የተጣለው በሀገር ውስጥ ችግሯ ነው ተብሏል፡፡ ይህ ማለት የኤርትራ ሰራዊት ትግራይ ላይ ግፍ ፈጽሟል ለሚለው ክስ የተረጋገጠ ማስረጃ ኣለመኖሩን,0,am
 እንኳን አደረሰን ዘመኑ የሰላም የጤና ይሁንልን መልካም አዲስ አመት,0,am
የኢትዮጵያ ኦርቶዶክስ ተዋህዶ አማኝ በብዛት ሚገኘው ሰሜን ላይ ነው እናም ሰሜኑ ሲዳከም ኦርቶዶክስ ተዋህዶ ትዳከመላች ኦርቶዶክስ ተዋህዶ ከተዳከመ ኢትዮጵያ ትጠፋለች ነው ሴራው ንቃ ሰሜኑ ሀይማኖትህን ሀገርህን ጠብቅ,1,am
 እንዴት ያለ ቀልድ ነው? ከወሎ የተዘረፈው ይሆን?አውሮፕላንን ያህል ቦምብ ጥሎ ክምር ሲያቃጥል ይታያችሁ። ውሸት ትግራይ ምድር ላይ መሰልጠኗን በህፃናቶቹ መ,1,am
  ከአይሁድ ዉጭ ያለ ህዝብ ነዉ አህዛብ የሚባለው,1,am
ከ100 ሚሊዬን በላይ ህዝብ በላይ ያላት ሃገር ላይ ጎንበስ ብለን ብንሰራ ዘይት ስንዴ ጤፍ እንዲሁም ፍራፍሬ . የሸማች ሰልፍ ይቀራል ኢትዬጵያ ትበቃለች አናጥብባት ጠባብነትን,0,am
የፀጉሬ ጄል አልቆብኝ ገበያ ወጥቼ ስመለስ ይህቺን ጀግና TV ላይ ሳያት በራሴ አፈርኩ - በቃ እኔ እራሴ ጁንታ ነኝ አልኩ,1,am
ነ ጠኛ ካለፋት ስራዎቹ የማይማር የዘመኑ ደደብ አህያ ነው ቢባል ማጋን አይመስለኝም በኦሮሞ ላይ አንደነ ታዬን እየጋለበ አኖሌን እና ጨለንቆን ዛሬም በመረጃ እና በግሎባላይዜሽን (በ,1,am
31 ክፍለ ጦር ዱግ አመድ ነው የሆነችው ። ለሚሞቱት አዝናለው ምክናያቱም ተገደው የመጡ ወጣቶች ስለሆኑ ። የትግራይ የመከላከያ ሃይልም በጥሩ ስትራቴጂ በሁሉም ግንባሮች የወራሪውን የ,0,am
በየቦታው ምስኪኑ ገበሬ ሲገደል የኛ ሰው ማንነታቸውን ካላጣራ ማዘን አይፈልግም መፆም ግን ይፈልጋል ለዛውም የሰንበት ቀዳሽ እና ወዳሽ።,1,am
   እናንተ በአረብኛም እንዳላችሁ አትዘንጉታ ግብፅን መስላችሁ እንደምታደርጉት . ዱቄት ??ሰለቻችሁን አሁንስ ውሸታሞች??,1,am
በሙፈሪያት ከማል የሚመራው የሰላም ሚ/ር አማራ ክልል ሲጠሩት አቤት ሲልኩት ወዴት የሚሉ ተላላኪወች ነፍ መሆናቸውን ስለምታውቅ ገለልተኛ የፖላስ አማካሪ በሚል ሰበብ የሌላ ክልል ፌዴ,1,am
ዳግም ወደ በረራ እንዲመለስ ፍቃድ የተሰጠው የቦይንግ 737MAX አውሮፕላን,0,am
Girl wtf does this mean?  እፈውሳለሁ ፈውሳለሁ ፈውሻለሁ እፈውሳለሁ ደደብ ውሾች እረግማችኋለሁ ከእኔ ጋር መመሳሰል አቁሙ በአልጋዎ ስር በስተቀ,1,am
ዋና የትህነግ ገንዘብ አዘዋዋሪዎች የመሸጉት ለንደን ማንቸስተር መሆኑ ተደርሶበታል መቀመጫቸውን በለንደን ያደረጉ ዋና ገንዘብ አዘዋዋሪዎችን የኢትዮጵያ ደህንነት መስሪያ ቤት በትኩረት ሊከታተለው ይገባል,0,am
 ቪዲዮ አላደርግም  ከተጠየቅኩ ብቅ ብዬ ጥፍት,0,am
የግል ትምህርት ተቋማት የአገልግሎት ክፍያ ጭማሪን በተመለከተ ከአዲስ አበባ ከተማ ትምህርት ቢሮ የተሰጠ መግለጫ,0,am
 እኔ ደሞ ካንድም ሁለት ሥሶስት ቃል አለኝ: - 1ኛ - ቤተክርስትያኗን ለፖለቲካ ፍጆታ ተጠቅሟል: 2ኛ - ወያኔ የሾመው ከሀዲ ነው: 3ኛ - ስውየው ዜግነቱ አሜሪካዊ ነው:,1,am
  እስከ አሁን የደመሰሱት የኦነግ ሸኔ ብዛት ከኢትዮጵያ አይደለም ከቻይና ህዝብ ቁጥር በለጠ . ምን አይነት ጉድ ነው ጎበዝ . ለውሸትም ልክ አለው,1,am
ለይሁዳ ወልዱ ወዉሉደ ዉሉዱ ይደምሰስለምን?ይሁዳ ስርዓትን ያስተማረውን ጌታ ለ30 ብር የመዘነ ወዳጁንና ጌታውን አሳልፎ የሰጠ ከሀዲ ነዉ.ወራሪዎችም ትግራይን ክደዋልናለወራሪ,1,am
 አእምሮ ያለው መሪ 1 ፈረስን በ3 ቢልዮን ዶላር ይሸጣል በዝያም ድሮን ገዝቶ ስይስደንስ ይውላል ልብ የሌለው ሊጥ ሲሰርቅ ይውላል ይህ ነው ልዩነቱ,1,am
 ተይ እንጂ የማን እንቅልፍ ነሽ ግብፅ ብትመጣ እኮ ከዚህ በላይ ምንም አታደርግም እንዲያውም ትሻል ይሆናል አገር አለ እንዴ? መንግስት አለ እንዴ? አንዱ አሸባሪው መንግስት አይደል,1,am
    አመሪካ መቐሌ ሆነች እንደ ? እባካችሁን ትርጉም የማይሰጥ የሰነፍ/ፈሪ ወሬ አታውሩ። በቁጥርስ ቢሆን ማን ነው የምበልጠው???,0,am
ጥይታቸው አይምርም አፈሙዛቸው አይስትም ጀግንነታቸው የሚታይ ነው ምሺግ ሰብረው እንደ አሞራ ከጠላት አናት ላይ የሚሰቀሉ ድንቆች ናቸው አስማተኞች ናቸው ይሏቸዋል ነፍጠኛም እያ,0,am
ህወሓት ጦርነት ካወጀ ጀምሮ የጎንደር ሕዝብ ፀሎተ ምኽላ ይዟል ወያኔ ለፀሎት ምህላው አጸፌታ ሮኬት ወደ ጎንደር ተኩሷል ታሪክ ተመዝግቧል Ethiopia,1,am
  ኬት ነው ሰብስቦ ያመጣቸው የውሸትን የሚያስንቁ ህሊናቸው የሸጡ disgrace to humanity,1,am
ዝገት የኔ ፍቅር ሃሳቤ አንቺ ጋ ነው ሲላት እኔ የሰው ሃቅ አልፈልግም ናና ውሰደው ?? ??,0,am
አሁን ላይ ወያኔ አለም አቀፍ ሚዲያዎችን ጭምር በውሸት ታገነትራቸው ጀመር የኡጋንዳው የድርድር ዜና አንዱ ማስረጃ ነው ዋው በከርሰ መወሰድ ያለበት የመተርተሪግ ስልት ስላላት አለማድነቅ አይቻልም,1,am
  እናንተ ባንዳዎች ናችሁ። አሳፋሪ እና የነጭ ቂጥ ላሺ ናችሁ። እቺ ሀገር ድምጥምጥዋ ይውጣ እንጂ እናንተ አትኖሩም። በናንተ መቃብር ላይ,1,am
 አንተና ዘርማንዘርህ አላችሁ አይደል በቁማችሁ የሞታችሁ ስዩሜ ጀግና ግን ለሚያምንበት ግምባሩ መስጠቱ ምንያህል ስዩሞች ትግራይ እንደፈጠረችና ወንድምህ ቂጥ ቂጡ,1,am
በማይካድራ ጭፍጨፋ እጃቸው ካለበት አንዱ የወራሪያን ኢሊት .,0,am
ዕድሜ ልክ ትላንት ላይ ችክ ከማለት ሰርቶ ማሳየት።መተቸት ቀላል ነው ለዚያውም ያለመረጃ በጅምላ መፈረጅ፣ማንኳሰስ፣.30 ዓመት ወያኔ ዛዝላ ጭኖ ሲደፍቀው አፍ የዘጋው ትውልድ ላመነ,1,am
 ዘረኝነት ጥንብ ነው በዘረኝነት ምክንያት ሁሉም የኢትዮጵያ ህዝቦች ተጎድተዋል በዚህም ሰው የማያዝን የለም አሁን PPዎች ይሄን ትርክት እንደማይቀጥል ገብቷችዋል። አሁን,0,am
 /2 በዚህ ሰዓት እነዚህ ከጭፍጨፋ የተረፉ ወገኖች ከሚገባው በላይ ሃዘን እና ድንጋጤ ላይ ናቸው። ከምንም በላይ ምግብ እና መጠለያ ይሻሉ። ያለውን አውጣጥቶ ወገን ሊደርስላቸው ሲሻ ማ,0,am
Ethio 360 ሰሜን ሸዋን መልሶ ማቋቋም እና መሰል አደጋ ዳግም እንዳይከሰት ከማን ምን ይጠበቃል ? Sat . via  +,0,am
  kkkk ይሄን አጥታቹ መሰለኝ በየ አገሩ ጥጋ ጥግ የምትሰደዱት ነውረኛ ባለጌዎች ፖንትና መሀረብ ሰራቂዎች . ከሰው የሚቆጥራቹ ስለሌለ ከበግህ ጋር ተዋሰብ,1,am
 ሚእኛ የሸዋዎቹን/ቱለማን ፀጉራችንን ቆርጦ አስገብሮናል ፤ ይሄኔ ቁጥር 1 ራስታ እኛ ነበርን ፤ ቢሆንም ለመታሰቢያነት አዲስ አበባ ላይ ፀጉር ቤት በፀጉር ቤት አድርገዋታል,1,am
  ኢንሳን ማን ነበር የሚያስተዳድረው ወያኔ ትለኝ ይሆናል,0,am
 አሁን ከጁንታ በላይ የጥላቻ ልጅ ማን አለ,1,am
  ጁንታው በዘረፈው ውጭ ይንደላቀቃል የትግራይ ምስኪን ልጅ በጥይት ይቆላል,1,am
አይ ኢዜማ ነገ የታሪክ ተጠያቂ ትሆኑበታላችሁ የአቢይን ጭራ አየተከተላችሁ ጭሁ ማፈሪያዎች ጦርነትአንፈልግም SayNoToWarTigray,1,am
ከትዳር በፊት በደንብ መጠናናት አያስፈልግም ብላችሁ የምታምኑ ሰዎች ካላችሁ ከ ኦሮ_ማራ ጋብቻ ተማሩ። Sunday morning,1,am
ጁንታ ማለት የሕዝብ ሁሉ ጠላት ማለት ነው:: ጁንታ ይጠቅማል ከተባለ የሚጠቅመው ራሱን ብቻ ነው::,1,am
የ ኢትዮጵያ ህዝብ ከ አውሬም በላይ ነው።,1,am
በዙሪያሽ ያሉት የጨካኝ ስብስብ ነዉ የሚመልስልሽ የለም ??,0,am
[ጥብቅ መረጃ] እንደ ናዚ ስለ ህወሃት ማውራት ወንጀል መሆን አለበት | በአማራ ላይ የተፈፀመው ጭፍጨፋ ሳይሆን የ . via,1,am
የወሎን ወቅታዊ ሁኔታ ባሰብኩ ቁጥር እንደ እግር-እሳት ያንገበግበኛል አይዋጥ-አይተፋ አይነት ፈተና ህዝብን ለአውሬ እያስረከቡ ተኩስ አቁም ላይ ነኝ አይነት ዝምታ ሚ,1,am
 ለመደሰት ከሆነ? ፣ ብርቱካንን ደስ ይለኛል,0,am
 እራስዋም አታውቀውም አንድ ነን የሚባል ነገር የለም ልዩነታችን ውበታች ነው: የኔ የኔ ነገር ናት። ወያኔ ጭንቅላትዋ ውስጥ በነፃ ክራይ ይኖራል,0,am
በዘመናዊነትና በመሰልጠን ውስጥ ባላገርነት ለዘላለም ከብሮ ይኖራል,0,am
ልዩ መረጃ በማይጠብሪ፣ በዋግ ኽምራ በአበርገሌ እና በራያ አላማጣ አካባቢ የመከላከያ ሠራዊት፣ የአማራ ክልል ልዩ ኃይል እና ሚሊሻዎች በአሸባሪው የጁንታው ጣቂዎች ላይ በርካታ ድሎ,1,am
  እነ በዓሉግርማ ከእውነት ጋር ተላልፈዋል። በናቕፋ ተራሮች የቀይ ኮከብ ዘመቻን ማን እንዳከሸፈው እያወቁ ዋሽተዋል ይህን ሲያነብ ያደገው የፊያሜታዊ ጁንታም አ,1,am
   ወያኔ ማለት ኣንድ ሁለት ባለ ስልጣን እንዳይመስልህ ሙሉ የ ትግራይ ህዝብ ነው።ኤርትራውያን በበታችነት ስሜት ቢዘፈቁ,1,am
የባንዳ ሞቱ ሁለት ነው።አንድም በስጋው ከሰው የተናቀ፣የተዋረደ ነው።አንድም በነፍሱ እንደ ይሁዳ ወራዳ ነው።,1,am
 ምርጫው ፍትሀዊ እንደማይሆን አቃለሁ። ከመጀመሪያው ለውጡ አላስደሰተኝም። ህዝቡ ለስርአት ለውጥ እንጂ ለሰው ለውጥ አልታገለም። ስለዚህ ምርጫ ችግራን ይፈታል,0,am
አይጥ ለመሞታ የድመትን ምን ታሸታለች ነው የሚባለው ጁንታው ለመጥፋት ሲፈልግ የኢትዮፒያን መከላከያ ተሳፈጠ ከዛም ተደመሰሰ ከዛም ተቀበረ ይሔ ዜና በቅርቡ እንሰማዋለን,1,am
 እንግዲህ በጣም ይቅርታ አባቴ ምንምምምምም ማረግ አይቻልም እኛ ወያኔነታችንን እንዲነጥቁን የማንፈልገውን ያክል የሰው ማንነት ለመንጠቅ አንውተረተርም ለዛ ነው ማ,0,am
የአፋር ህዝብ ለአገሩ ኢትዮጵያ ነጻነት ሲል በታሪኩ ስንት ወራሪዎችን ትኩስ አሸዋ ውስጥ ቀብሯቸዋል ደርቡሽ ቱርክ ጣሊያን ለህወሓትም ይህን እድል ይሰጣታል እንርዳው የህወሓት ጠ,0,am
 ይሄ እኮ የትህነግ/ወያኔም መፈክር ነበር:: ከሻቢያ ነዋ የቀዳው? ኢትዮጵያን በዘር በታትናችሁ አናሳ ትግሬ ለ30 አመታት ዘረፋት: ጨፈጨፋት: ገዛት:: እውነት ነው,1,am
ሰበር ዜና የጁንታ ከፈተኛ አመራሮች መገደላቸው ተሰማ,0,am
ውኃ እንዳይነካቸው፣ ልብሳቸውን እንዳይቀይሩ ተደርገው በብዙ ተቀጥተዋል። በሰንሰለት ተጠፍረው እንደ ሌባ እንደ ወንበዴ ተጎሳቅለዋል። በመጨረሻ ግን አሳሪዎቻቸው ወድመው እነሱ ነፃ ወጥተዋል። Zemedkun_Bekele,0,am
  የዱለት ቀበሮ የጅኒ ጁንታ ማህበር አባል ሆይ አንተ ጡጦህን ይዘህን አልቅስ እኛ ቀድሞ ድሮ ከወተት ወደ ሽምብራ ደረጃ ደርሰናል።ዱሌ ዘፈፋ ወፈፋ,1,am
አይገርምም ግን ሰዎችዬ ኢሳያስ የኢትዮጵያ አድራጊ ፈጣሪ ሲሆን ?? የአብይ ና የወያኔ ብሽሽቅ ግን መቸ ነው የሚያበቃው?? ሰላምለኢትዬጲያዬ,1,am
በTDF ተማርከው አማራጮች ተሰጥቷቸው ወደ ቤታቸው ለመሄድ አሊያም ወደ ሱዳን ለመውጣት የመረጡ የENDF አባላት ኦሮሞና ከደቡብ የሆኑ እየተመረጡ በአማራ ልዩ ሐይልና ሚሊሻ፣ አልፎ አ,1,am
 ቢያንስ ጠንቃቃ ነው አሸባሪው ሀይል ብቻ ነው ያለው ጁንታ ወያኔ ምናምን አላለም ሲያዝ የአብይን ሀይል ነው ያልኩት ብሎ ስም Mention አላደረኩም ብዬ እፋታቸዋለው ብሎ ነው,0,am
ወያኔን በሙሉ ድምፅ ለ6ኛ ጊዜ የመረጠውን ህዝብ ከወያኔ ነፃ እናወጣካለን ብሎ ጦርነት ህዝብ ላይ ማወጅ በኢትዮጵያ የዲምክራሲን ግብዐተ መሬት የማስፈፀም ሥራ ነው,0,am
 በከሸፈው እና ፈሪዋ ትግራይ እጅ ወደ ጥፋታቸው የላካቸው የት ነው እንዴት ያለ ውርደት ትዕይንት,1,am
የብልፆግና ውጤት ክርስትናና እስልምናን ከስሜን ለማጥፋት በእቅድ የተያዘው የብልፆግና .,1,am
ድል ለሰራዊታችን እውነታው ይሄው ነው እነዚህን አረመኔዎች የሚደግፍ አረመኔ ነው:: via ,1,am
ከአማራ ጋር እንኳን አገር ድንበር ተጋርተው በሰላም የኖረ የለም ቀዳዳ ገና ለገና የሙስሊሙን ድምፅ አገኛለሁ ብለህ ነው የምትቀደደው አጎዛ አይ የኢትዩጵያ ምርጫ ገንዘብ ማባከን,1,am
 የጄፈሪ ኤፕስተን ተባባሪ በ28.5 ሚሊዮን ዶላር ዋስ እንድትወጣ ጠየቀች - BBC News አማርኛ - -,0,am
 በዚህ አገር አቀፍ ውድድር ላይ ምርት ገበያው የተሳተፈ ሲሆን፤ የመጀመሪያ ዙር የምዘና ሥርዓቱን በማለፉ የድርጅቱ ዋና ሥራ አስፈጻሚና የቴክኒክ ኮሚቴ አባላት በዛሬው እለት የመስክ ም,0,am
ውሸታም ሌባ ጉራጌ  ለተሰንበት ዛሬ ድሉን እንደዚህ ነው ያከበረችው  ትግራይ ህዝብ ላይ ለደረሰው ግፍ እና የጦር ወንጀል በሙሉ ዋነኛው ደላላ እና አቃጣሪ መሆንህ ስለሚታወ,1,am
 እውነቱን ነው ለወያኔ መሆን አለበት። ወያኔን ነቅተንበታል። ድልብ ሰገጥ ,1,am
  እሱን ወደ ስልጣን ያመጡት ምእራባዊያን መሆናቸዉን ከግምት አስገቢ።,0,am
   አቤ ፌስቡክ ለአሸባሪው ህወሓት መሳሪያ ሆኖ ማገልገል ከጀመረ ወራት ተቆጠሩ እኮ። የሁላችንም ታግዷል።,1,am
   መሀይሙ እና ደንቆሮ የመከላከያ ሠራዊት ድል አደረጉት የሚለው ወንድሙን የገደለ ነው እንዴ??,1,am
    Temeጁንታእስኪሰለቾት እደጋግምልዎታለው የጀግነው መከላከይ ሰራዊት እና የወያኔው መቅሰፍት የቁርጥ ቀን ልጅ የክቡር ሎሬት ዶክ,1,am
    ገረዶች ትናንት የወያኔ ሎሌ ዛሬ ደሞ የኦሮሞ ብልፅግና ሎሌ ሆናችሁ አማራን ታስጨፈጭፋላችሁ። ደደብ,1,am
 ሁሌም ዉብ ነበር በሙስሊሙም በኩል ሆዳም ካድሬ እዉቀትም ሆነ የአላህ ፍራቻየሌለዉ በክርስቲያኑ በኩልደግሞ በጥላቻየተሞላ ሙስሊምን ሲያይ የሚያመዉ በዉሸት ስብከት ተ,1,am
 በዘር ማጥፋት እና በሌብነት የተጨማለቀችውን ህወሓት ወያነ ከርሰመቃብረ ግብአት ስለተበሰረ አያመሰገንን፣ ጦሩ ወደ ኦነግም ይቀጥል ዘንድ ድጋፋችን ይቀጥላል። የ,1,am
 ፅንሰ-ሀሳብ አስፈሪ ያልሆኑ ሴቶች ትዊተር የላቸውም ፡፡,0,am
ጁንታው ዋሻው ገብቶ መዘገብ ጀመረ Ethiopia : DW ድምጸ ወያኔ ከ5 ቀናት ቡሃላ ዋሻ ወስጥ ከሚገኘው ስትዱዮ የተለመደውን ፕሮፖጋንዳ ማስተላለፍ ጀምሯል።,1,am
 ማሻአሏህ መብሩክ መልካም የስራ ዘመን ምኞቴ ነው,0,am
 ????ምኑን ልናገር የመንፈስ ግንኙነትን አውጥቶ መናገር ቃላት ይታመማሉ በእሱ ልክ ግን ለወገን ራሱን የሰጠ ኑሮ አያውቅም።ጋሼ ሙሉ ሰው ነበር።ለወገን የተሰጠ ዘመን።ይኖር,0,am
እነ እስክንድርን የማስፈታት አለምአቀፍ ዘመቻ ነገ ቅዳሜ Jan 9 በይፋ ይጀመራል:: ኢትዮጵያ ዳግም የህሊና እስረኞች ቤት እንድትሆን መፍቀድ የለብንም Twitter,0,am
 ምንም ጥያቄ የለውም: ተላላኪዎቹ: እነኚህ የአማራ ህዝብ ካንሰር መወገድ አለባቸው,1,am
ፈሪ ሳትሆን ስትቀር፣እውነታውን መጋፈጥ ትክክል መሆኑን ስታምን፣በፖሊሲ ሃሳብ ችግርህን ትጋፈጠዋለህ፣መፍትሄ ታበጅለታለህ ፣ ሸንጎ ትቀመጥለታለህ። ነጠላ ማንነት መርጠህ አትደበቅም፣ጣት,0,am
አንድ በአንድ ኦሮሚያን ምሁርና ወጣት አልባ ለማድርግ እየሰሩ ነው ይህ እንደ ሀገር ማጥፋት ወንጀል ይቆጠራል>›,1,am
ጓደኛዎ ብቻ መሆን አልፈልግም ፣ ግን ይህ መጨረሻ እንደሚሆን አውቃለሁ ፡፡,0,am
 ምድረ ቅቤ ጠባሽ አስመሳይ ባንዳ ያልተፈጸመ ነገርን ሌላ ፓለቲካዊ አቅጣጫ ለማስያዝ የሚደረግ ሙከራ ነው።,1,am
 በመተከል ኦነግ ሸኔን በመርዳት ተጠርጥረው የታሰሩ እንዳሉ ተነገረ Ethiopia VOAAmharic,0,am
  የሰጡ ይናገሩ የእኔ እስካሁን አለ??,0,am
ኢተዮጽያ ውሰጥ ሰው በሞተ ቁጥ ጀዋር ግዳያ ነው ስትሉ የነበቹት አሁን ጀዋር ታስሮዋል ህዘብነ እይጨፈጨፈ ለልው ምን ለትሉ ነወ? በተለይ ሙሰሊሞች :ጀዋር ሲገለ ካላያቹት ዘረኛ,1,am
ባለፈው ዲጅታል ጁንታዎቹ አክሱም ላይ 800 ሰው ተጨፈጨፈ አሉን በሃሰት እሺ 800 ሰው ከተገደለ ሬሳው የታለ ሲባሉ ጅብ በላው አሉን ጅብ እኮ አጥንት አይበላም ሳስበው አጥንትም ሳይ,1,am
 ከኔ በላይ ለኔ ማንም የለም። በሀገር ከመጣህብኝ ግን ። ከሀገር በላ ለኔ ማንም የለም።,0,am
አፅም ቆፍራችሁ መሬት ተቧጭቃችሁ: የምትናደፉ ምን ጉዶች መጣችሁ? ማነው የወለዳችሁ? ከየት ነው የመጣችሁ? - ታማኝ ለወያኔ ሊቀሰይጣን ወያኔ ወደመጡበት ሄደዋል ?? ታማኛችን ግን ስራውን ቀጥሏል,1,am
 ሠላማዊ ሰዎች እንዳያልቁ ካለ የአብይ መንግስት አሁኑኑ ጦርነቱን ያቁም፡፡ የአብይ አስተዳደር ውጊያውን አሸንፌ አሸባሪውን ህወሓት ለፍርድ ማቅረብ እፈልጋለሁ ካለ ጦርነቱን በሙሉ ሐይሉ,0,am
እናቴ ??ዕምባ እያለቀሰች፣ ወንድሜ ተረሽኖ ከገደል አፋፍ ላይ እየተገፈተረ፣ ክብርዋን የጠበቀች እህቴ በባለጌዎች እየተደፈረች . የእናቴ ??ሲታበስ ዓደይ ወደ ክብሯ ስትመለስ ደስተ,0,am
  እንደዚ አይነት የደደብ ጭንቅላት ያላቸው ሰዎች ናቸው አገር ያመሱት ፊደል እራሱ ግእዝ መሆኑን የማያቁ ደደቦች 3000 አመት የትግራይ እንደሆን የማያቁ ትግራይ ሲገነጠል ምን ሊሉ እንደሆነ እናያለን,1,am
 ሁሉም መናፍቅ የኢሉሚናቲ ሴራ ይሁን ፡፡ ኃጢአት ፈሰሰ ፡፡,0,am
ለቅሶ ቤት Me: የwifi password ይንገሩኝ ጋሼ? ስርዓት ያዝ አመሰግናለሁ።,0,am
በተራቸው ወያኔዎች መከባለል ጀመሩ ምድረ አህያ,1,am
4 ሚልዮን የትግራይ ህዝብ ተርቦ 1.2 ሚልዮን ብር ለዓድዋ ተጓዦች ሰጥቻለሁ የሚል አረመኔ የሆነ መንግስት ማፋያ መንግስት,1,am
ወያኔ ሲባል የ ህወሓት አባላት ብቻ እነ አቦይ ስብሓት ብቻ የሚመስለው ስንቱ ገልቱ አለ ለካ . ??,1,am
  ኢትዮጲያን የሚል እንኳን ቅስሙ ጥፍሩ አይሰበርም ። በትእግስት ነቀርሳ ሁሉ እሲነቀል ከመንግስት ጋር እንቆማለን ያልፋል ????,0,am
    ለቡናው እራሱ መች በሥርዓት አመሰገንከኝና? ??,0,am
 ጁንታው የራስ ወዳድ ፥ ባንዳና ሰገጤ ስብስብ ስለሆነ ገና በአረመኔነታቸው አለምን ጉድ ያስብላሉ እንጂ ፡፡,1,am
ቀልድ ነግረሀቸው ባክህ አስቀን ከሚልሠው በላይ ጁንታ የለም,1,am
ልዩ መረጃ አዲ ጉዶ በምትባል ቦታ ላይ የጁንታው ልዩ ሀይል ተከበው እጅን አንሰጥም በማለት ባደረጉት የተኩስ ልውውጥ በአንድ ቦታ ላይ የነበሩትና በቁጥር ያልታወቁ የጁታው ልይ ሀይ,0,am
  ወረኛ የአንቀልባው ማሰሪያ እየተገዘገዘ ነው። አወዳደቃችሁን ለማሳመር ጣሩ። አህያ የሚላችሁ እግር ስር ተርመጥምጣችሁ ለተገኛ የአንድ አይን እንቅልፍ አይፎከርም,1,am
ትናንት ህውሀት የአማራን ታላላቆች የማጥፋት ቀሪወቹን ደግሞ ከህዝብ የመነጠል ስራ ሲሰራ ነበር አሁንም የኦሮሞ ብልፅግና ያኑ የጉዞ መስመር ተከትሏል።,1,am
 የተደመሰሱት ሊሆን ይችላል፣ እነ አቦይ ከተያዙ ቆይተዋል እሚለው ግን አይመስልም።,0,am
ሰው እንዴት ቁርስ ሳይበላ የአልጋ ቦታ አቀማምጥ ለመቀየር ብቻውን ይንደፋደፋል ?? ምን አይነት ደነዝ ነኝ ደም እኮ አልጋው በስመአብ ምን እንደሚያህል??,0,am
እስኪ ሌሎችን ደግሞ እናንተ ጭምሩ . እስኪ organized በሆነ መልኩ እንዘርዝራችው.,0,am
የአማራ ግዛት አስፋፊዎች ቤኒሻንጉል ጉሙዝን የመውረር እቅድ ከወዲሁ በቤኒሻንጉል-ጉሙዝ አመራር ውግዘት ገጠመው:: ከሁለቱ የትኛውን ጁንታ እንበል እንግድህ? ????,1,am
በአክሱም 750 ንፁህ ክርስትያኖች በወራሪው የአማራ ሚሊሻና ፋኖ በተቀጣሪው በሻዕቢያ አራዊት ወታደር እና በአብይ አህመድ የኢትዮጵያ ወታደሮች ሲጨፈጨፉ ትግራዋይ በመሆናቸው ብቻ አንድ,1,am
feminisቷ ሚስቴ መጋባት አለብን በቅርቡ አሮጊት እልካለው እያለቺኝ ነው ??,0,am
 አስተያት እንደጥ ስለ ጠራኸኝ: አመሰግናለሁ:: ወደነዋል: እውነት: ሞራልህ ሳላደንቅ ማለፍ አልፈልግም: ግን . ሁለተኛ ምጣድ በደረሰበት እንዳትደርስ: እንጀራ,0,am
የሸዋ አማራ ወጣቶች ወደ ወሎ እየተመሙ ነው ትግሬ የአማራ ጠላት ነው ስለዚህ ምን ማድረግ እንዳለባችሁ ታውቃላችሁ,1,am
እውነትም ግራ የሚያጋባ ነው። TDF ENDFን እያዳነው ነው?,0,am
 አላማ አለኝ እያልሽ እየመለሽ ነዋ ??,0,am
 ከሉሃላዊነትና ከሌላ ከሌላ መመዘኛ አንፃር ግን ስህተት ሊሆን ይችላል። ሆኖም ግን መንግሥት የነበረበትን ክፍተትና ቁመና በማስተዋል ነገሮችን ከአንድ አቅጣጫ ብቻ ሳይ,0,am
  በስመአብ አሁን እየዘፈንኩት ነበር ደግሞ ??,0,am
ግብር ለምን እንደሚሰበሰብ እማማ ዝናሽዬ እንኳን በደንብ ገብቷቸዋል። ????,0,am
  መሬታችንን ለቃችሁ መውጣት ነዋ ወራሪዎች እናንተ እንጂ እኛ አይደለንም,1,am
  የህውሓት ቫይረስ ለተሸከመ ማንኛውም ፍጡር ርህራሄ አያስፈልግም።,1,am
 አባ መቻል፣ እንኳን አብሮ አደረሰን።?? የበጣጠስከው ሴራ የትየለሌ ነው፣ ብዛቱንና ውስብስብነቱን ማሰብ ራሱ ያደክማል። አምላክ ላይጠግን አይሰብርምና የትህነ,0,am
只要是和歪果仁上过的，看都不会看一眼，脏的要死，还怕唉死病。。。,1,zh
找小姐我花钱我是大爷，给女朋友买礼物，花钱当孙子,1,zh
哈哈哈哈……我也是……太逗来……感觉说撒都会被歧视……,0,zh
还吹嘘十年前和人对线呢，连对线都不敢,0,zh
舍得给女孩子花钱的不一定爱，不舍得花钱的肯定不爱,1,zh
这是事实吧，证据明摆着，我昨天看到真是气得不行囧,0,zh
对啊，我也是这样，看到我喜欢的画手是同，就接受不了，可是他的画风我真的好喜欢啊,1,zh
还不如用彩礼的钱去嫖,0,zh
帅惨惹！无情爆扫下面那个不明生物惹,1,zh
⭕️起来，这个以后要考,0,zh
从五千年前，河南人就向外走了。,0,zh
啊对对对至少人家有人了你连个人都没有😨😱,0,zh
没搜到啊，果然你是信口开河,0,zh
有本事别匿名 让大家看看你是哪的😆,0,zh
不不不，它们会有政策加分的，甚至和留学生同等待遇进985，进清华北大都有可能！,0,zh
很明显火星人是人好吧？火星人名字都带人字了，选错的自己反省,0,zh
可是如果那个撒匹是自己亲人呢，怎么办？还能割离？,0,zh
成都被黑 四川重庆可是吹的飞起 造谣川军350万,1,zh
这不跟之前那个女王培训班一个性质吗,0,zh
黑人请离开，因为距离产生美,1,zh
出身就不好，搞人种论？辽宁人都是高人一级呗,1,zh
图一这脸有点疯狂原始人的味道,0,zh
氙钕是这样的了,1,zh
听说你很会删？那就一张张来,0,zh
可是我真的很喜欢东北人啊……东北人永远都代表着他们热情、爽快、好客啊,0,zh
尊重他人不是社会公德吗，怎么就变成道德绑架了......,0,zh
东北被黑的是经济越来越不好，官僚主义之类，其他省份人民直接被黑的是人品呐！不一样,1,zh
摸摸，没事了。建议移民到英国（你懂的(￣∀￣)）,1,zh
立即开启印度模式省得她们作,1,zh
先射箭再画靶，把👴笑嘻了,0,zh
对同恋排斥的力才会这么大，所以可能是同恋,0,zh
已经做了，他们挺开心的,0,zh
我戴过呀，某宝上就有女用的,0,zh
有没有人能申请个吧主啊，看着都晦气,0,zh
那女的应该被那个黑g的黑d透烂了，嘴也吃黑d吃烂了,1,zh
现在不能发尼字了,1,zh
什么电影，傻宝,1,zh
不止是黑人，白人也不行。,1,zh
那你没看见的大部分不喜欢黑人的女人多着是，幼稚,0,zh
河南，东北，山东，地域黑重灾区……,1,zh
表面女权，实则物化女性，制造身高焦虑，然后买他的啥b产品,1,zh
坏蛋一号呢？,1,zh
四川媒体黑其他地方也不少,1,zh
我会害怕吗？嗯，我吓得多吃了一碗饭,0,zh
蒋光头下给十九路军同样都是不抵抗的命令，不过抗令自发抗日了。,0,zh
滚走不送谢谢拉黑我你就可以滚了省着我骂你了,1,zh
我也是南北混血，一看南方人看不起北方人，我觉得这些人莫名其妙,1,zh
还在吹这个计划😅,0,zh
还是太惯着了，才会给她一种自己是美女的错觉,1,zh
河南是中原，华夏之源，我觉得挺好一地方，郑州洪水里人也很热情善良，为什么被黑啊😅,1,zh
一百万彩礼😅。。。批价涨的速度是不是要失控了,1,zh
老一辈确实是这样的，因为大多数情况都是母亲做家务收拾，但是这不适用新一代年轻人。,0,zh
影视文学网络到处都是异性恋这就是传播，说什么没宣传，传播就是宣传,0,zh
恋童癖是一种精神、心理障碍，而同性恋是一种正常的性取向，两者根本不同好吗？,0,zh
女权组织都批判。。。什么成分？,0,zh
80后剩女好气啊,1,zh
广东就别说了，黑河南、黑北方的总部就是广州,1,zh
有兴趣再收复一下反同恋吧吗，那个地方已经被彻底占领了，我真是服了,1,zh
B站挺多越南媳妇发视频的,0,zh
我们河北……地域黑都黑布到,1,zh
为什么要反驳？你身边就没有和他相反的东西吗,0,zh
并没有，你不要以己度人,0,zh
上海人形象只能想起姚明了，反面例子就是周立波啦😆,0,zh
扬州、泰州、南通、盐城、连云港、淮安、宿迁、徐州。,0,zh
山东的就不要来凑热闹了,1,zh
哈萨克人更是骗子和小偷啊，，。,1,zh
目前的资本制度本就是物化、异化劳动者啊。马原都学不明白还想扯虎皮,1,zh
这种问题下面必有老骟跳脚😄,1,zh
复读机式内容一眼真?,0,zh
85年的女的可以不用征婚了,0,zh
中国GDP超过日本了，也没见中国日子比日本混的好,0,zh
一般般，可以看的水平。,0,zh
丰县丢尽了江苏的脸，丰县是苏北的不？你不会说丰县是山东的吧🤣,1,zh
负1赞，看来楼主又刺激到某些人咯！,0,zh
我们都是直的，不弯，你以为谁都像你一样没有啊,1,zh
哈哈哈哎哈哈哈哈，不要和不是同一个三观的人说话，说不到一堆去的🤣,0,zh
原来是好友犯罪后被枪毙，尸体被卖给了医学院,0,zh
有啥用？每次都能避难成功,0,zh
听说还要升职，山东大学国际排名提升了,0,zh
做好你自己，反串的那些演技都挺拙劣的，分辨不出来的话就不要上网了,0,zh
黑人事太多了,1,zh
要不然你以为拜老登一年好几亿美元是白花的?,0,zh
纳闷旁边的女生咋没有跟着喊的,0,zh
话说我还挺喜欢东北人啊。我遇见的几个东北人都搞笑的不行，人员也很好。坐标河南,0,zh
歧视咱也不是种族歧视，中国这片土地上自古以来就没有黑人这个种族，咱就是正正当当的看不惯,1,zh
以后不准魔怔人出现在我帖子里,1,zh
黑人吧的人们，如果你们被歧视你们乐意吗？,1,zh
南非被黑人接管以后大把的社会资源和教育资源落在黑人手里，然而呢,1,zh
社交软件这种太多了 看多了容易怀疑人生,0,zh
大家可以看看1g时期的宣传画，不管男女老少，都是武德充沛，充满了力量的美感,0,zh
瑞典这个说法都说了是来自北京网友，又扯到南方去了，南方不能什么锅都给你们背吧,0,zh
物化女性的到底是谁,1,zh
现在没证据只要女的说有就有,1,zh
哈哈(?ω?)hiahiahia,0,zh
没啥可说的，典就完事了，呜呜呜，原来我们男性出轨不是个例，我给男性丢人了呜呜呜,1,zh
黑南方临海地区长相的都是低端下人，就你长的像欧美人？,1,zh
只有资本家才能入犹太教当犹太人,0,zh
感谢，已全部加入黑名单,0,zh
互联网上并没有任何一个文明和谐的平台，只有资本主义希望从中再捞一把，荼毒年轻人的思想,1,zh
找黑妞可能真的是找不到其他吧,1,zh
山东？？? 你是认真的吗？,0,zh
都来看看别的贴的人怎么说你们主子的,0,zh
真搞不懂他们的审美观,0,zh
我尺寸比黑人大，我还要自卑吗太大了?p站上有些黑人细成啥样了,1,zh
比异性恋更加处心积虑地想要孩子，但要想方设法地抹杀异性的地位和作用。,1,zh
我是韩国人，请问这是真的吗😅我很震惊,0,zh
我觉得你不是这个意思🤭,0,zh
这高考中考一结束，我收到的评论和赞突然多了。😅,0,zh
上海罕见多啊，老旧租界了，有空可以查一查自己有没有日本血统,1,zh
也不能这么说吧，毕竟只是肤色不同而已。不装了，我摊牌了。我就是种族歧视了，就是看不起给人,1,zh
以后别抱个天生免疫缺陷的巧克力回老家上户口就行😆,1,zh
能出马丁路德金，就能出冉闵,0,zh
成这个样子 谁之过？,0,zh
在所有🦍中确实算是好看的，建议直接送到动物园，或者让它回归大自然，人类社会不适合它。,1,zh
只能说物以类聚吧，至少我身边的女孩子都是这样，甚至还会觉得他们（黑和白）味道很大😭,1,zh
事实证明有些男人可以分分钟有游艇，为什么有些却不行？,0,zh
有吧友知道吗？能细说这件事的过程吗？,0,zh
谢谢他，就这待遇还一天10个小时，谢谢他帮我们排除了压榨,0,zh
美国太乱了，警察都不管,0,zh
这B要浸猪笼,1,zh
张嘴就来，不用负责，真好,0,zh
请问楼主凶杀案罪犯的男女比例说多少,0,zh
可见上海人比广东人素质高多少😆,1,zh
旁边那只猫头鹰更好看,0,zh
逆向民族主义者😆😆😆,1,zh
又在玩p图啊，休息一下下吧,0,zh
不仅有，而且在大陆的黑人，很多都有中国女友,0,zh
艾滋病传播途径，黑人—｝媚外女—｝普通男女,1,zh
艾滋病好好治也能活很久的，千万别放弃啊,0,zh
你不就是个山东人吗 在那反串啥啊😓,1,zh
别埋汰失足女，跟过黑人的那叫人么，跟动物有啥区别,1,zh
可能因为河南同学比他高了一百分🤣🤣🤣心理不平衡,0,zh
现在欧洲就是西欧北欧难民多,0,zh
我这都第几个号了，以前的反基少将,1,zh
既然你都用泛滥这词，就不用对女性有期望，重拳出?,0,zh
男权吧老哥们还是比较理智哦，这要是男的发女权吧，可能已经让骂死了,1,zh
你说的造物主是哪个造物主？安拉还是耶和华？还是你们意淫出来的女上帝？,1,zh
少了安徽，安徽也是资源输出省份，粮食矿产都不少。,0,zh
还拉黑捞子，有本事别匿名说啊,1,zh
我写了一首古诗也被删除，真是的不正常，为什么？,0,zh
不过为啥发到这个吧？我还以为是自行车吧,0,zh
旁人:我他么来的是动物园？,1,zh
有些国男多学着点吧😄,1,zh
我加一个，我宁可娶不接外国人的小姐,1,zh
拿你的伪科学，骗鬼去吧。,1,zh
难道犯罪率不是社会状况的重要参考标准吗？,0,zh
非洲有没有什么划时代的产品？有啊，奥密克戎和艾滋病,1,zh
同的心里扭曲易生疾病,1,zh
最后两个的顺序可以斟酌的。,0,zh
囧如果不是吃相太难看，谁特么在意这群惹人厌的玩意儿囧,1,zh
 وليش تتم دعوتك؟<>انت إنسان فارغ دون أي إنجازات حقيقية.. حتى ماكلفت نفسك تدعوا لـ #الهلال ممثل الوطن في هذا النهائي يا كمخه هههههههههه<>يا تذكر فتشكر يا اوراوا يا سدني يالعالمية صعبة قوية يا نيشيمورا<>😂😂😂😂😂😂😂😂,1,ar
مهم انت تقول مين نسمي أهم شي و وين بحب قلك وجودك متل قلتك احترم حالك كرمال ما تضحك عليك الشعب,1,ar
 بس يا خرم يا بتاع مصنع الكراسي,1,ar
 : دائمًا نستخدم عبارة يا ليت أستبدلها وقل يا رب فالأولى جالبة للغم مُحبطة للهمم والثانية مبشرة بالإجابة والنعم .,0,ar
أمي <>أحبك يا حبة الرمان يا السما الزرقاء الصافية يا أجمل ما في الوجود يا من حضنها أمن وأمان واطمئنان لا حرمني الله منك أبدا يا سبب سعادتي وعافيتي وبهجتي لولاك ما كان لحياتي معنى أحبك وأتمنى رضاك عني,0,ar
3   المهم ان الثورة اجتماعية والمعيشية تجمعنا ونركز على هيدي المواضيع ..,0,ar
أدعو لرجم باجي قائد السبسي بالحجارة ساحة الكبرى تونس العاصمة,1,ar
شو حلو لو منربط لسانك بسلك كهربا بس مش من لبنان من الدولة الشقيقة وتكون فيها الكهربا ونخلي الفولتا…,1,ar
تضرب منك اله، الغريب هو شيخ عادي من المشايخ عنا ونا بيمثل الا بالمية من الطايفة، ما تسأل وين راحوا ا…,1,ar
هههه ولو بعد ألف سنة يعني الامر قطعي لو صبرت الدهر كلو لن…,0,ar
 بلشنا نخبص يا ديما.. رجاء انتوا الاعلاميين انتبهوا ما تولعوا الشارع بليز,0,ar
لك الله يخليلنا الرئيس؛و يخليلنا المخابرات,0,ar
" ان لم يكن لك حاقدين فأنت انسان فاشل
الله يقويكي يا ديما
اعلامية حرة�",0,ar
 :  مالك يا ياسو يا بني خلي سندك على ربك هو كفيل ان يغير اَي شيء<>ربنا يفرجها عليك و انت غالي علينا و لو شفت…,0,ar
تكلام تونس تونس بلاد الدعارة الخماج تفوووو بلاد اليهود سهاينة ربي صلاط دعش يقطعلكم الرؤس,1,ar
 يلا موتي يا ست دييبي ://./77,1,ar
 انت خلقتي حمارة وعشتي جحشة ولح تموتي بغلة,1,ar
ياقحب مفكر نفسك طبيب جاء رضيع قولو تعفن دماء رضيع ياقحب وضع سم قاتل الحليب واعطاه لى رضيع سم الافاعي يجعل الدم يتعفن يبطئ حركت الدم الاخر الجريم فعل فاعل والحكوم ضلع الجريم بعيد قريب يلعنكم ويلعن السبسي الكلب,1,ar
بالله العفريت دة داير يحكم السودان ؟؟<>والله يشبه صور خرج ولم يعد<>انت لا تمثلني الى يوم القيامة يا شيوعي يا علماني يا عميل ,1,ar
وحدا قحبا عمل اسمو قاهر الاعداء سبيت العاهرا الكمنتار رجعلي قالي اعمل محو الاميه تعلم اكتب ميبون كيفها عاطياتو توكيل فالوبنا,1,ar
الورع عمل دقن وطلع كافر مسلم يعرف حطه ههههههههههه,0,ar
لطفي يشوف روحو فحولة زايدة الاخ باشا جابد شوي لتخنث ونا نقول السيد باشا محترم مسترجل افضل سي لطفي,1,ar
انو الواحد بيحكيك بل الشرق بترد بل الغرب ، هيدا شعار انتخابي يا روح امك بيحمي لبنان الرئيس القوي وجيشو الوطني لي ولائو للبنان بس,0,ar
عيب عليك استحي يكفيك كشفت الحيا العمى ضربك شو وسخة,1,ar
اللي يحرق براد العاله امتع امه وين يهرب منها😂😂😂😂😂😂😂😂<>ياناري ثالث براد نحرقه 💔😢<>نهارات الحرف لعند نخشو رمضان بتقعد تعزر فيا يا بايره يا تنباله يلي ما ينعبا عليك 🙉<>وين بمنشي لين تهدا😁😬😬😬😬😬,1,ar
ثمه شر عداوه للإسلام الرهوط عباد فيقو رواحكم ربي يعذب مزال مزال يحللولكم الجنه ذراع الرسمي يجيبو ربي الفلوس عبات كروشهم ناس الفقر ماكلهم زعام المسوات الحريات يعنبو المسوات الحريه فقر سرقه فيقو عباد يلهيو يسكتو الرسمي المخبي,0,ar
@User.IDX الله يقطعة يا روحاني يخبلك من نحن نحن احفاد من كسر عرش كسراء واذله ولم تقم لكم قائمه الي يومنا هذا ,1,ar
   منحبك نجوى كل لبنان بحبك يا شمس الغنية يا علم لبنان يا فخر وعزة كل الدني. انتِ المثل الاعلى لكل الفنانين,0,ar
حدى يقله خراس من مية سنه وانتي بالإتحاد الرياضي ومن فشل لقشل,1,ar
مع الحشرات يلي متلك هيك لازم يتصرفوا,1,ar
 يا بجم يا عجم يا نجم كلنا فالهوا سوا,1,ar
أسأل الله العظيم رب العرش العظيم ان بجزيه خيرا ويحرك ضمائر القادرين للاقتداء بهالان عرفتم أنهم مش كفار ! ,0,ar
168  قوية وعليكم السلام عزيزتي ❤️,0,ar
@User.IDX امارة الشر الحماراتية تعدت الحدود تجاه الشعوب العربية والاسلامية ,1,ar
#سناب_شات<>يسألوني وأنتي اكبر من سوالفهم جميع<> وأنتي اجمل ما خلق ربي بهالكون الوسيع<> واني أتلاشى بدون عيونك الخجلى أضيع <>اعذريهم يا لحبيبه آه آه يا أغلى حبيبه ❤️ ,0,ar
 قيادة حزب الله منذ زمن بعيد تمسك أمور لبنان وكانت تعلم ما يحاك من سرقات اذا اقله هي شريكة بسرقة الشعب اقله بصمتها .,0,ar
 جرار قواد ديوث ابن زانيه انت يا فيصل القاسم تميم بن حمد راكب على ظهرك وظهر أهلك عشان تنبح له لعنت الله عليك وعلى من خلفك يا كلب قطر يا عبد الريال يا مشتراء,1,ar
71500791  كتير الصورة معبرة� العفو العام مش يعني البراءة وعفا الله عما مضى� بعني الأحكام عليه بعدا سارية المفعول,0,ar
تعب مليون🙂🔥💔💔💔لكن يا انا يا انتي يا حماره,1,ar
اسمحلولي المخ تونس يسحقها هتلر ادير الصابون جايحة متعرف تهدر ماشابة ماتدخل القلب عندو الحق صوت المراة عورة الغناء مزمار الشيطان,1,ar
نقول لي خواتنا في الجزائر هذا الشخص لا يمثل الا نفسة و مجموعة من الجهال البدو . هذا الشخص كان منفي من قبل معمر القذافي من ليبيا بسبب خيانته ليبيا في حرب التشاد وله اكثر من عشرين عام في امريكا و الشاطر يفهم. ليس على المريض حرج . يقولها علنا انا مع مصر حتى لو كانت ضد ليبيا و يريد ان يدخل حرب مع الجزائر 😂😂 ,0,ar
"""@User.IDX إستحي على نفسك يا """"وغد"""" """,1,ar
جبران باسيل ل سيإنإن أمن إسرائيل هو حق,0,ar
ياخويا ماهو فصل الحكاية تركيا المشكل يحب يتبع الشريعة مرحبا تلقى بوها عطاها خوها ترجعلو دويو راجلها وقتها يولي يعرف ربي الشريعة الفليسات توانسة نعرفو بعضنا,0,ar
 : #غرامات_قطار_الغلابة<>يا رب تفهم يا سيسي <>معنت ارحل <> أمشي <> غوررررررر <> فى دهيا,1,ar
يجب منع الفتيات الصغيرات متابعة السيدة واضح السيدة تعيش وضع نفسي صعب,0,ar
سجل يا تاريخ سجل يا دفتر نمت يوم كامل بدون ما ابويا يصحيني فسوووة ثانية وحدة 👋,1,ar
مضرطة لها نغم… قمم قمم قمم معزة على غنم,1,ar
 ان شاء الله بتعيشي اكتر بس استغلي هالدنيا بتعملي شي منيح لاخرتك، عيب تضلك بايعة كرامتك بهل طريقة انتي بنت جبل عامل,0,ar
هيدا انسان تافه وكاذب كل هدف المقال القواص على جبران باسيل,1,ar
اللي بيسمع هالمزايدات على جبران باسيل بفكر انو فوزي صلوخ او عدنان منصور كانوا يطلعوا كل يوم يحكوا بازالة اسرائيل من الو…,0,ar
سيسمع العالم تهرم شعب عان حرية أفراد يريدون الرجوع الوراء,0,ar
 خلاص بقى لو الموضوع زي ما بتقولي كدة، يبقى اللي بيشوفك ماشية في الشارع و بيعاكس او يتحرش دا واحد بيقول رأيه و المفروض محدش يلومه لانه بيقوله، ولا واحد شاف واحده لابسه لبس بيودي النار يقولها يا كافرة يا شرموطة ياالي هتخشي النار!! محاكم الت,1,ar
ونسيتي استقبلت الارمن ع ايام العثماني لولا سوريا كنتي فحمه ولحمه مشويه,1,ar
@User.IDX الجزيرة حاس فيكم تبوون اي ملك او رئيس عربي يعطيكم وجه 😂😂 وضعكم كل يوم في انحدار =لين تصيرون اوطى من الشفرا على الارض 😂😂😂 ,1,ar
ليش ما قاهركن الا الوزير جبران باسيل لو بتفكوا شوي عن سماه منا وجر,0,ar
__  هيدي #ديما_الواطيه  عنجد انها #ديما_الواطيه  اوفف شو #ديما_الواطيه,1,ar
مايا الكسوري وامثالها السبب تشويه صورة نساء العرب كلامك سخيف يزيد الطين,0,ar
قالت عيب غالط يل تسمع تخمم بضبابطك بمخك,0,ar
 : اه يا عامر يا لئيم عايزنا نخسر يا اخى ك...مك #خمسين_الف_مشجع_للزمالك ,1,ar
وهاب غياب سوريا عن القمة العربية افقدها اهميتها,0,ar
احساسي انو كان بدك تقول ضابط سوري مش سوي بس يمكن لأنو بعدك بلا غدا و جوعان فأكلت ل اعترف اعترف,0,ar
@User.IDX يضحكوا عالناس بشوية مساعدات وهن عم ياكلوا البلد كلو ,0,ar
درتو فوخة عياشة فالكذب والخيال ترجع بطلة هههههه تبالي نصف لاسلة خيالية امنت روحها,0,ar
قلتك احسن يا علي يا جبر يا معرص,1,ar
 انتي شكلا الخسّة براسك اصفرّت وصار بدّا سوكلين,0,ar
الله ينتقم من الامريكي اللعين قدر الله ان يظرب مسئولي الامريكان بالحذاء,1,ar
جبران باسيل مهضوم كتير قال بدو يعمر سوريا و هوي ببلدو لبنان مش قادر يعمر مجرور,1,ar
فعلا افارقه المغرب اذن سيتم التعامل معكم انكم افارقه اذن باقى الدول العربيه شرق اوسطيون والكنيسه العربيه تثبت ذالك بالخرائط والادله,0,ar
عنابي يا عنابي يا خدود الحليوه 😂,0,ar
عاجبو يقعد عاجبو روح نيك ناقصين عدنا عنصرية تونس مكذب زبور أمك,1,ar
تنظيم الابالسة الشياطين الأعور الدجال. ومن يقتل مومنا متعمدا فجزاؤه جهنم خالدا فيها وغضب الله عليه و لعنه و أعد له عذابا عظيما. هذا ما ينتظرهم يا فجرة يا طواغيت اخسؤا قبحكم الله.,1,ar
 طبشوكي الصباط على عينك بتعرفي ليشششش؟؟؟؟ عشان شفتي النمرة ��,1,ar
يا لهم من عرصات من اين ياتون بهذا التفائل,1,ar
هذا قضاء عادل نمثل أمامه جميعنا بشرف أما القاضي المسيس فمصيره السجن,0,ar
@User.IDX كل ذلك بسبب قناتكم قناة الفتنة #الجزيرة ضربني وبكى سبقني واشتكى قناة مضحكة. فشلتم وفشل مخططكم ,1,ar
@User.IDX يالله حسن الخاتمه ، هذا وين فيه حيل يحكم شعب !! ,1,ar
لطفى كذبش قالولو راقاس وشمس كليتي لوح باراك,0,ar
يا لهوتي يا أبلتي !! <>يا خسارتي يا لاسارتي !! 😂<> #الاهلي_بيراميدز,0,ar
 لك انشالله بت موتي قهر منو �,1,ar
@User.IDX ياخي والله الشعب المصري مساكين وبهايم ,1,ar
   بالنسبة للهبوط تراكم جايين من درجة ثانية وهذا بلسان رمزكم .. إذا بيتك من زجاج لا ترمي الناس بالحجارة فهمت يا طقعان يا طويل الأذان 🤪🤪🤪😆😆😆,1,ar
تمنيت الميراث بالمساواة خيرات الثروات المذخول السنوي لحكومة تونسية الشعب تونسي بالمساواة رجل المرأة الشيخ عجوز,0,ar
شاطر ياطرنبه هذا مايريده أعداء ادروز ونت تطبل لهم يالعميل,1,ar
ياخي عمر حسين مظلوم المفروض مشهور اكثر انا احب عمر حسين هههههههههه ,0,ar
صديقي نتفق النقطة خليك ارض الواقع العالم المتحظر لايوجد مجاني الطمأنينة تحكي سبيل المثال اكيد يجي بالشهر ماعندكش حق الكرا الطمأنينة تحكي فخليك ارض الواقع تتفوه بترهات واهية فاللذي يبحث الطمأنينة الحقيقة يجيدها البراري والسهول والطبيعة الخلابة مجاني يحتاج وعكس يصير بمايعبر بالمصطلح العربي ضحك الذقون,0,ar
معلم ولد عواطف طلعت منيك تبا,1,ar
بالله الأمة تسير نفق مظلم الخونة والعملاء,0,ar
مش شي عيب القرعة يا فهمانة ، بس كبراني الخسة براسو,1,ar
 15 ٧ آيار انفرضت عليه (انو يقوصو عليهن وهني فاتحين صدرن شي طبيعي بدو يدافع عن حالو ),0,ar
انو هالزلمة الأستاذ جن بلاط مش عارف حالو شو بدو طيب حدا يعلمو ع شي شغلة يلتهي فيها ويفلقنا بريحة طيبة يا قرد,1,ar
" ست ديما سؤال شاغل بالي وبال بعض المتابعين 
العشاء الذي اقمتيه لضيوفك السياسيين والفنانين كم كانت كلفته ؟… ://./362",0,ar
البلد عم ينهار بوجود العهد القوي وليكو عالهبيلة العوني وين راسوا,0,ar
 هلق دور الزعران بلش ، هول المفروض يللي يفلو ويفل رئيسهم معو ما تضيعو البوصلة وكلكم بتعرفو مين رأس الفساد .,0,ar
أذا جبران باسيل يقودكم والجاهل شيخ الجاهلية يصفق للقرد اكيد بيكون ي…,0,ar
نعيم الزعيم تونس رغم الثورة زالت تستقطب اكبر الطلاب الوافدين شد بلادك المنيكة بلاد الارهاب الطائفية بلاد الفقر الفرعنة بلاد ميا خليفة شخص حاقد حاسدنا لانو تكلمت بموضوعية تصنيف جامعاتنا احسن المغرب الجزائر يقارن,1,ar
 لبنان صغيرة للدرجة المتظاهرين يسمحو للرقاصه باب المسجد � ://./881,0,ar
أوعوا تكونوا أول من يبطل تصفيق 😂😂😂 ,0,ar
هيد الشعب مش بحاجة لاموالكم هيد شعب بحاجة لضمائركم الغائبة,0,ar
@User.IDX محتل وقبل يومين عُزف نشيدهم في قطر!!!! يلعن ام التناقض والتخلف ,1,ar
"961  صح قال العهد
وترك موضوع الحكومة للحريري",0,ar
إنها مدرسة الوفاء ، مدرسة ميشال عون ، تحية الى السيّد ، سيّد الصدق والأخلاق والشرف والى حامل الامانة جبران باسيل …,0,ar
 والله انتي اللي جمل يا عنزة  #ديما_الوطية,1,ar
فتنة قالو يقسم توانسا علمانيين ومتحررين وقابلين القانون,0,ar
معالي لبناني وطني مش سعودي ليسافر,0,ar
امسخ ربي البومة وصلت لحالة معاش يفيد يوفي عمرها متتعالجش بفففف,1,ar
اي يعني شو بدي قلك، علمهن ت يعيشوا بالبحبوحة زي…,0,ar
@User.IDX @User.IDX الله الله روح الثورة من جديد ,0,ar
كذابة دباغ شعب يهموش لهي همو,0,ar
 اوعك تحكي عن الجمال بس تصيري تغسلي وجهك بنصير نميز بينك وبين القنفذ ..,1,ar
 : انا هنا شبيت يا وطني <>زيك ما لقيت يا وطني <>انا بفخر بيك يا وطني<>بالروح افديك يا وطني<>❤️💚🖤❤️💚🖤,0,ar
  نيجيريا 🤣🤣🤣🤣🤣🤣🤣. المشكلة النيجيري ب فريقك يا فقراوي🤣🤣🤣🤣🤣🤣🤣🤣🤣🤣🤣🤣🤣🤣🤣🤣 اسياد اسيا حنا يا تعبان يا ابو 3 صيح صيح صياحك طرب 🤣,1,ar
 انشالله مش بس قلبك كلك يعني كلك �,0,ar
هي القناه دي اخوان ولا ايه وازاي بيجي عليها الدحيح!!!!ايه الخره ده ,1,ar
انشالله يضلل حصرمة بعينك وعين غيرك جبران باسيل قرفت سما الله تبعنا انشالله بضلل مقهور وبضلل جبران با…,1,ar
  خليها تحرقك و انتي نايمة انا لو مكانك اشغل حاجة و اقوم ارقص هزي يا بطة يا محروقة 😝😝😝😝 لا لا لا الزمالك عمري 😍,1,ar
" يا ريت تنشريلنا رقمك
 
لنتسلى عليكي بالتفلون",1,ar
مايا اكبر قحبة تونس والاسلام بريء ربى خلقك المعزة انشاالله يحكمك مرض الموت تشتاقيها,1,ar
@User.IDX نحن نحكم على الظاهر والله يتولى الصراءر خطابه في غاية الأهمية بالنسبة للقضية الفلسطينية ,0,ar
والله انت من يحتاج الي طبيب نفسي وعساك ما تطيب,1,ar
اقنع اختي تروح تختبر بدالي بس مشكلتها انها صارلها مليون سنه بالجامعه مايسوى عليها طقعه باخر ركعه منك لله يا العرب يا اسخف ماده وشايله همه بشكل,1,ar
الحظ ماله خوي والحزن ماله ضمير<>و إن قلت يا هونها ما هوب يا هونها.,0,ar
" #ديما_الواطية معلومة قربة لله حرف  بيعني 1000 .
رجعي طلّعي بالأرقام هلأ وخبريني عن شعورك!",1,ar
النكرة تمثل التونسيات مؤمنات عفيفات الفئة المنحطة النساء تمثلنا النساء المستهترات الاتي حياء لديهن يفهمن دين يهمهم العراء الانحطاط الاخلاقي لعنة,0,ar
@User.IDX @User.IDX ان شالله قلبها يوقف . مستواها منحط . ,1,ar
" وحده بلا اخلاق اكيد ما عندك بي لهيك ما بتعرفي تحترمي بي الكل.
 من الاخر انتي ماما واحد بابا كتير",1,ar
فعلاً لا يناسب الا زماننا، في زمان على فيه صوت الرويبضة، لكن عندما تحين الساعة سيعود كل الى حجمه ولو كا…,0,ar
شوفو وجه شمس الدين صفار خضار نشفلوا ريقو لطفي,0,ar
 :  يا جماعة. يا جامع يا رقيب ,0,ar
        واحد يسأل لبنانية ايش اسمك. قالت (يارا ياسين ) <>وانته شو اسمك <>قال. يا حاء. يا جيم<>😂😂😂😂😂😂😂😂<>🏃🏃🏃🏃🏃🏃🏃🏃<>من الامراض التي ليس لها علا,0,ar
@User.IDX @User.IDX كل الخونة والمتآمرين سيواجهون الإعدام بإذن الله اللعب على أوتار المرأة والحقوق لايجدي هناك مائات النساء طالبن بالقيادة والحقوق وهن اليوم يتبوأن مراتب عليا بالدولة لأنهن لم يخن ولم يتآمرن ,1,ar
 بتحكي اد فهماتك وانت ما بتفهمي  اسكتي احسن,1,ar
 وانت مال أمك ومال طرابلس،، خليك في السيسي امتاعك يا عرص،، وهي ناقصة أشكالك يعني،، اخ تفوه على وجهك يا عبد الدرهم يا عبد الدينار ياللي بلا كرامة،، يا منافق يا متلون يا خرتيت،، شدو همكم وبلاكم علينا،، ألا لعنة الله عليك حسبنا الله فيك ونعم الوكيل,1,ar
 : يا بنعيش احرار يا بنموت رجال ✌🏽🇸🇩<>#اعتصامات_القيادة_العامة,0,ar
وهو معكم أينمَا كُنتم يا طمأنينة القلب ، يا صدق اليقين .,0,ar
يا ديفيد يا لويز يا خول,1,ar
مستغرب شعب يسمع تفاهة شانو لى الدرجة الشعب تافه قالت شانو نبكي تونس زكمونة سامي الفهري نقطة استفهام تونس الايام,0,ar
@User.IDX ليخرج فئران حماس من جحورهم و يواجهوا اليهود ان كانوا رجال بدل من ارسالهم القطيع للماهرات على حدود اليهود ,1,ar
للاسف يا عزيزي نزار زكا لايملك المال وإلا كان تحرك جبران باسيل كما فعل بخصوص كارلوس غصن,0,ar
 : يا ولاد الأحابي يا ولاد الأحابي يا بهايم<>امم افريقيا و بتتنظم في مصر و عاملين العرض فرقة اكروبات من النمسا يا شوية بهايم,1,ar
 اي و الله انشالله بيقبرك ... �,1,ar
تعالى يحكم أنزل فأولئك الظالمون صدق العظيم,0,ar
يارب في وقت السحر أدعوك يا قدر يا مقتدر إن تأخذ لي حقي من كل ظالم ظلمني اللهم انتقم من كل ظالم ظلمني اللهم ابتليهم بكل شيئ في حياتهم بصحتهم وأعمارهم اللهم احشره يوم القيامه اعمه ... اللهم آمين,0,ar
 تسلمي يا دودو يا رب وميحرمنيش منك ابدا 🌹🌹😍,0,ar
كأنك ابنه عم دافع عنه بيخلق من شبه اربعون,0,ar
 😲😲😲😲😲😲😲😲😲😲😲 يا مصيبتي يا مصيبتي علي الفضايح ده باسيل ده طلع مافيا مش فاسد يخرب بيته,1,ar
6226  غريب كيف مخليين وحدة متل هيدي عم تعمل فتن,0,ar
باينة ماكياج البونية مستوية والالوانمتناسقةياولا احوال,0,ar
في وجودك ليه انا اكمل كلامي اعشقك من الفرح لين العنا .. اشبهك في كل شي الا الاسامي يا انا يا انت يا انت انا ♥️♥️🎻,0,ar
ضب زعرانك حسون لقدهرمت زت حالك ف شيئ نفق ياكزااااااااب,1,ar
"जो चांदनी चौक के दुर्गा मंदिर में हुआ उसका 1% भी दिल्ली की किसी मस्जिद में या आसपास हो जाता तो अबतक प्लेकार्ड गैंग,खान मार्केट गैंग और तथाकथित बुद्धजीवी गैंग रंडी रोना रो रो कर असहिष्णुता का नंगा नाचकर अंतरराष्ट्रीय मंच पर हिन्दुओ को प्रताड़ित कर रहे होते पर अभी सब चुप हैं क्यों?",1,hi
अरे कमीने तू पागल हो गया है तेरे सपनो तुझे डराने आ रही क्या कँगना जी,1,hi
"अखबार के मुताबिक, AnkhiDas ने के कर्मचारियों के लिए बने ग्रुप पर अपनी पोस्ट में लिखा था- हमने उनके सोशल मीडिया कैंपेन के लिए अलख जगाई और बाकी अब सब इतिहास के पन्नों में दर्ज है. 30 साल की जमीनी मेहनत से भारत से सरकार पोषित समाजवाद खत्म.",0,hi
"मुझे याद है स्व राजीव गांधी प्रधानमंत्री होने के नाते 1986 में जो शिक्षा नीति लेकर आए थे वह एकदम ढकोसला था। उसके पहले 1968 में शिक्षा नीति आई थी, इनमें कोई परिवर्तन नहीं था लेकिन आदरणीय श्री जी जो शिक्षा नीति लाए हैं वो भारत की आने वाले समय में तस्वीर बदल देगा।",0,hi
बॉलीवुड में हो सकता है अनुराग जैसे और भी गंदे व कमीनी लोग हो इन लोगों की भी जांच हो और बॉलीवुड में से ऐसी गंदी गटर साफ हो अरे शर्म करो बॉलीवुड क्या-क्या करते हैं बॉलीवुड में धिक्कार है ऐसे लोगों पर ArrestAnuragkashyap,1,hi
"होम आइसोलेशन में रहने वाले लोग थर्मामीटर तथा पल्स ऑक्सीमीटर साथ रखें। यदि किसी को खांसी या बुखार आये अथवा सांस फूले तो तत्काल हेल्पलाइन नं. 18001805145 अथवा पर सम्पर्क करे: ACS, चिकित्सा एवं स्वास्थ्य, श्री अमित मोहन प्रसाद जी",0,hi
"RT यदि आप जातिवादी सोच से ग्रसित हैं तो आप राष्ट्रवादी हो ही नहीं सकते, हिन्दूराष्ट्र-निर्माण की सबसे बड़ी रूकावट जातिवाद है..",1,hi
गुरु एकता ने बहुत कम समय में किन्नर समाज में अपना ऐसा रुतबा कायम कर लिया था कि समाज के लोग उन्हें अपना सुपर गुरु मानने लगे थे,0,hi
जीडीपी खाने से पेट नहीं भरा क्या टिक्की से ज्यादा चटपटी थी जीडीपी हमारी पूरा चट कर गये 😡,1,hi
मुस्लिम पढ़ -लिखकर सरकारी नौकरी में जाएं तो बीजेपी समर्थित सुदर्शन TV साजिश बता रहा है। न पढ़े या मदरसा में पढ़ें तो कहें कि आतंकवादी तैयार हो रहे हैं। आखिर मुस्लिम क्या करें?,0,hi
"कंपोजीशन डीलरों के लिए GST रिटर्न भरने की लास्ट डेट बढ़ी, जानिए कब तक via GST Tax",0,hi
"अंतरिक्ष राज्य मंत्री डॉ. जितेन्द्र सिंह ने कहा है कि चंद्रयान-3 का प्रक्षेपण 2021 की शुरुआत में किया जा सकता है। चंद्रयान-3 भी चंद्रयान-2 की तरह ही होगा, उसमें लैंडर और रोवर शामिल होंगे लेकिन आर्बिटर नहीं होगा। फाइल फोटो",0,hi
गणित की मुश्किलों को आसान बनाने वाले प्रयागराज के इस टीचर को मिलेगा राज्य शिक्षक पुरस्कार,0,hi
"कंगना को Y कैटेगरी की सुरक्षा: मुंबई पहुंचने से पहले ही कंगना के दफ्तर पर बीएमसी ने छापा मारा, महाराष्ट्र के मंत्री ने उन्हें भाजपा का पोपट कहा KanganaRanaut Mumbai",0,hi
"दिग्विजय सिंह ने फिर उठाया EVM का मुद्दा, कहा- ...तो 2024 में होगा आखिरी चुनाव digvijaysingh EVM ballotpaper",0,hi
"लॉकडाउन के ऐलान के बाद से ही बंद हैं मुंबई के फेरीवालों की दुकान, BMC की ओर से की जा रही है लॉकडाउन के किराए की मांग",0,hi
"हमने नए एप मौसम, दामिनी और रेन अलार्म लॉन्च किए: मौसम विभाग",0,hi
लोक तंत्र की बात तुम ना करो तो ही ठीक है लोकतंत्र का उल्लघंन राज्यसभा में बैठे तुम्हारे मित्र गड़ ने ही उड़ा दी साला माइक उखाड़ दिया कॉपी फाड़ रहे हो नशा मत किया करो इतना जो खुद की फटजाये,1,hi
"दिल्लीः परीक्षा देकर निकले अर्चित ने बताया, सोशल डिस्टैंसिंग का ध्यान रखा गया। उन्होंने कहा, 'ऐडमिट कार्ड रिलीज होने के बाद पता चल गया था परीक्षा नहीं टलेगी' JEEMain (रिपोर्ट, अनूप पांडेय)",0,hi
जो खुद फकीर बन के आए थे । एक दिन देश को फकीर बना के जायँगे। विकास गायब है,1,hi
"चीन में उइगर मुसलमानों पर कितना अत्याचार हो रहा है, दुनियाँ और भारत के किसी भी मुसलमानों से नहीं छिपा हुआ है । लेकिन मैंने आजतक हिंदुस्तान के किसी भी मुस्लिम भाइयों को चीनी दूतावास के सामने उइगर मुसलमानों पर हो रहे अत्याचार के खिलाफ प्रदर्शन करते हुए नहीं देखा ।",1,hi
SSC-रेलवे की परीक्षा और परिणामों को लेकर ट्विटर पर छात्रों का ‘दंगल’: सोशल,0,hi
"कश्मीर, कैराना, मेरठ हिन्दुओ ऐसे ही पलायन करते रहो , तुम्हारी जात ही शुतुरमुर्गो कि है , क्योंकि मिट्टी खाने की आदत जो लग गई है तुम्हे ।",1,hi
"संविधान के अनुच्छेद 370 एवं 35A को निरस्त करने के ऐतिहासिक निर्णय एवं उपलब्धि के लिए आदरणीय पीएम श्री नरेन्द्र मोदी जी, आदरणीय गृहमंत्री श्री अमित शाह जी एवं इस फैसले का समर्थन करने वाले सभी संसद सदस्यों को कोटि-कोटि धन्यवाद- भाजपा अध्यक्ष श्री OneYearOfNoArticle370",0,hi
PKVideo: अध्यापिका बनी शैतान: मासूम को क्लास में मारे दो मिनट में 40 थप्पड़ Lucknow UP Teacher Student . .,0,hi
"बिहार सरकार ने जिसे राजधानी पटना में जलजमाव का बताया था जिम्मेवार, उसने मीडिया में आकर खोल दिए सभी राज की रिपोर्ट",0,hi
ये है मोदी जी जिन्होंने देश की विकास को चाय मे डालकर बेच डाले l इनके सरकार में माफिया का राज़ है। बचा लो देश ये सरकार घोखा है l,1,hi
मुस्लमान हर साल बकरा ईद में जानवर की क़ुरबानी करता हैं और हज करने वाला भी और हिन्दू धर्म में लछमन हिरन का शिकार करने गए थे वो भी मासाहारी थे दोनों धर्मों के अनुसार मास खाना धार्मिक पुस्तक में लिखा है,1,hi
मैंने उसे समझाया कि जो ज्यादा बकवास करे तेरे साथ उसे सीधे ब्लॉक मारो... कमीनी ने OK कहकर मुझे ही ब्लॉक मार दिया..!!😵😭😭,1,hi
बस क्विज खेलें और इनामी राशि जीतने का मौका पाएं =====&gt; CLICK HERE 👇,0,hi
पतंग के साथ हवा में उड़ती बच्ची का वीडियो सोशल मीडिया पर वायरल हो रहा है.,0,hi
अनलॉक 4 में किस तरह की सावधानी बरतनी है ? IndiaFightsCorona | COVID19 | |,0,hi
"Poco X3 NFC स्मार्टफोन 7 सितंबर को होगा लॉन्च, ये होंगी खासियतें",0,hi
"Lakhimpur पूर्व विधायक निर्वेन्द्र मुन्ना की हत्या का मामला, मुन्ना के घर लोगों का आना-जाना शुरू हुआ, पूरे गांव को पुलिस ने छावनी में तब्दील किया, कई थानों की फोर्स को गांव में की गई तैनात, संपूर्णानगर के त्रिकोलिया का मामला। policemedianews",0,hi
एक मुसलमान अपनी पत्नी तलाक़ देकर भी छोड़ दें तो तीन साल की सज़ा एक हिन्दू अपनी पत्नी को बिन तलाक़ दिए ही छोड़ दें तो प्रधानमंत्री भी बन सकता है.. ये कैसा इंसाफ है..।। इंसाफ़ के लिए RT करे..,1,hi
"सुप्रभात, ये स्वयं को एकदम गुरुकुल से निकला जनेऊधारी बता रहा है?जैसे एक बड़े नेता हैं?पर ऐसा आरोप कोई महिला स्वयं पर झूठा नहीं लगा सकती?ऊपर से ये पायल को चुप रहने व देख लेने की धमकियां देता है ठोको साले को?",1,hi
"""मतदान तो देशहित मे ही करूंगा"" 🇮🇳 इतना सुनते ही कांग्रेसी समझ जाते है कि 👇 ""ये वोट अपना नही है'😄😂",1,hi
12विपक्षी पार्टी बिल को लेकर राष्ट्रपति से मिलने जा रहे हैं सिग्नेचर ना करने के लिए रामनाथ कोविंद की क्या हैसियत जो बिल पर साइन न करें रामनाथ गोविंद रबर स्टैंप से ज्यादा कुछ नहीं फालतू के टाइम खराब कर रहे हैं विपक्षी पार्टी वाले भारत बंद करो अंबानी अडानी के कुत्ते को सबक सिखाओ,1,hi
"डीआरडीओ की बड़ी कामयाबी, अब मिसाइलों में ये बड़ा बदलाव कर सकेगा भारत DRDO",0,hi
कश्मीर में मैं 10 साल रही हूं आप मुझे रहने की बात मत समझाइए,1,hi
कमीनी औरत ये लेहरू नहीं है।ये चीन को और तेरे जैसे कमीनी को जहां से निकलीं है वहीं....,1,hi
"कंगना कमीनी जहां जहां तेरा छज्जा और चबूतरा हद से बाहर निकलेगा, BMC तोड़ेगी ज़रूर.....🤣🤣🤣",1,hi
हिंदूओं ❗.. तुम्हारी बहन - बेटियां जिम में बहुत मेहनत कर रही है और उन्हें सिखाने ने अफजल तो 👉 बहुत - बहुत मेहनत कर रहा है 😠😡😡.. आगे की कहानी सावधान इंडिया में अवश्य देखना तुम्हारा सर गर्व से ऊंचा हो जाएगा 👇😠😡,1,hi
राजस्थान हाईकोर्ट ने स्कूल फीस को लेकर सोमवार को अहम फैसला सुनाया है. HindiNews,0,hi
UAE के मैदान पर इन शानदार बल्लेबाज़ों की जानदार बल्लेबाज़ी ने दिखाया है कमाल iIPL,0,hi
मूल स्वभाव न छूटे कुक्कुर टांग उठाय के मू⛔ते,1,hi
"कुतिया अंबेडकर का नाम मत ले नही ऐसा घुसेड़ेंगे की दोबारा पंगा नही लेगी , सोच समझ के बोल हराम की जनी",1,hi
"सुनिए क्या कहना है उस मेडिसिन स्टोर के मालिक का जहाँ से सुशांत ने खरीदी थी दवाइयां, देखिये की ये रिपोर्ट. ATVideo SushantSinghRajputCase SubahSubah",0,hi
"RT एक टाइम योगी जी का हेलीकॉप्टर नहीं उतरने दिया था आजम खान ने, आज पूरे परिवार का हेलीकॉप्टर बना रखा है.😂😂",1,hi
"जहां एक और सरकार को जातिगत रूप से बदनाम किया जा रहा वही योगी सरकार ने अल्पसंख्यक वर्ग के करीब 12000 जोड़ें दलितों के 32,000 अनुसूचित जाति जनजाति के करीब 50,000 जोड़ें सामान्य वर्ग के करीब 45 से जुड़े शामिल किए सामूहिक विवाह में",1,hi
तू निहायत कमीना इंसान है,1,hi
"पश्चिम बंगाल में फिर हुई भाजपा कार्यकर्ता की हत्या, पार्टी ने हत्या का आरोप TMC पर लगाया WestBengal",0,hi
कोयला मंत्रालय ने कोयला गैसीकरण और द्रवीकरण पर वेबिनार आयोजित किया इस अवसर पर केंद्रीय मंत्री ने कहा भारत ने 2030 तक 100 मीट्रिक टन कोयला गैसीकरण का लक्ष्य निर्धारित किया है विवरण :,0,hi
"बिहार के वरिष्ठ IAS आर के महाजन होंगे BPSC के नए अध्यक्ष, विभाग ने जारी की अधिसूचना की रिपोर्ट",0,hi
न्यूज़ चैनल के नाम पर कब तक चलेगा 'थियेटर'? IndiaWithSushant पर ट्वीट कर दें अपनी राय Watch LIVE -,0,hi
अबे साले पिल्ला किसको कह रहा है अभी तू गधे अबे गधे की औलाद साले सुधर जा साले बिल्ला बिल्ली कहना छोड़ दिए थे साला तुम लोगों की वजह से ही तो जैसे समाज पीछे आ जाए,1,hi
रंडी के इस्लामी जिहादी सूअर गटर की ओलाद भोसड़ी के चावडी बाजार दिल्ही में हरामी कोम मुल्लो ने मंदिर को तोड़ दिया इस पर कुछ बोलो,1,hi
भक्तों का जीजा कमीना कश्यप,1,hi
"सलमान खान के BIGG BOSS 2020 में नजर आएंगे ये सितारे, सोशल मीडिया पर तेज हुई चर्चा BiggBoss14 BiggBoss2020",0,hi
"अभिनेत्री जायरा ने 'इस्लाम में अभिनय हराम' बता फिल्में छोड़ीं। तो क्या मीना, मधुबाला सायरा, शबाना, सलमान, शाहरुख , अमीर, आदि हरामी हैं ? जस्ट पूछ रही हु",1,hi
"प्रधानमंत्री नरेन्‍द्र मोदी ने कहा कि शिक्षा नीति और शिक्षा प्रणाली, देश की आकांक्षाओं को पूरा करने के लिए महत्‍वपूर्ण माध्‍यम। NationalEducationPolicy NEP2020",0,hi
"चेन्नई सुपरकिंग्स के लिए बड़े दिन बाद कोई पॉज़िटिव ख़बर आई है. खिलाड़ियों और सपोर्ट स्टाफ का कोविड टेस्ट हुआ था, जिसमें सबकी रिपोर्ट नेगेटिव आई है.",0,hi
एमटी न्यू डायमंड पर लगी आग पर पाया गया काबू: INS सह्याद्री,0,hi
जनपद अलीगढ़ में माननीय विधायक के साथ हुई घटना के संबंध में को प्रभावी कार्यवाही करने के निर्देश दिए गए हैं। संबंधित थानाध्यक्ष को निलंबित कर दिया गया है। ASP (ग्रामीण) का स्थानांतरण किया जा रहा है। IG अलीगढ़ को इस संबंध में कल तक आख्या उपलब्ध कराने के निर्देश दिए गए हैं।,0,hi
लो एक की राख ठंडी नहीं हुई दूसरी की जल गई बाराबंकी में 8 साल की बच्ची से रेप हिंदुओं और बनों सैकुलर मादरचोदों,1,hi
नाचने वाली नाचेगी तबलची की फटी है पता नही क्यों,1,hi
विकास गायब है और अमित शाह का पेट बढ़ता ही जा रहा है।,1,hi
नीच कहने पर मणिशंकर को निष्कासित कर दिया गया था बापू के हत्यारे GODSE को देशभक्त कहने पर क्या प्रज्ञा भी निष्कासित होंगी ?,1,hi
"संसद के मानसून सत्र में नहीं होगा प्रश्नकाल, सभी को करना होगा COVID-19 प्रोटोकॉल का पालन CoronavirusOutbreak",0,hi
"कोरोना देश में: दुनिया में एक हफ्ते में 17.77 लाख मरीज बढ़े, इनमें से 29% संक्रमित भारत से; देश में अब तक 37.66 लाख मामले CoronaUpdatesOnBhaskar COVID19",0,hi
"बच्चों के टीकाकरण में भारी गिरावट, डॉक्टरों ने चेताया - COVID-19 से भी ज्यादा घातक, अगर...",0,hi
देखिए अहम ख़बरें - ▪️ पूर्व राष्ट्रपति प्रणब मुखर्जी को दी गई अंतिम विदाई ▪️ पूर्व राष्ट्रपति प्रणब मुखर्जी को श्रद्धांजलि ▪️ विश्व के नेताओं ने प्रणब दा को किया याद ▪️ जेईई मेन्स की परीक्षा शुरू ▪️ कोविड-19: स्वस्थ होने की दर करीब 77% ➡️,0,hi
कुछ भी कर लो बाड़े से सूअर ही निकलेंगे।जो कौम अपने जन्मदाता का ही गला काटकर गद्दी पर बैठती है उससे देश भक्ति की उम्मीद करना बेमानी है।,1,hi
"कंगना रनौत के ऑफिस पहुंचे बीएमसी कर्मचारी, अभिनेत्री ने कहा- 'मेरा सपना टूटने का वक्त आ गया है' KanganaRanaut BMC Mumbai",0,hi
सुशांत के मामले चुप कंगना के मामले चुप संतो को पालघर में मरने पर चुप राम मन्दिर के मामले चुप ड्रग्स के मामले अचानक बोल परी डायन कुतीया हरामखोर 😠 आतंकवादी बुढ़िया माफ करना औरतो को इज्जत देता हूँ जो औरत को इज्जत नहीं दी उसको क्या दु SSB परिवार WeWantJustice4Palghar,1,hi
बिहार: कांग्रेस ने किया साफ- महागठबंधन में जो ज्यादा सीट जीतेगा उसी पार्टी का होगा मुख्यमंत्री ABPBihar,0,hi
"418 रुपये बढ़ा सोने का भाव, चांदी 2246 रुपये हुई महंगी goldprice goldrate silver gold silverprice",0,hi
"दिन की अहम ख़बरें- MidDayHeadlines - पीएम : राष्ट्रीय शिक्षा नीति, देश की नीति - पोषण माह 2020 की आज से हुई शुरुआत - देश के कई शहरों में मेट्रो सेवा बहाल - कोविड-19 : भारत में रिकवरी रेट बढ़कर 77.31%",0,hi
राष्ट्रीय खेल दिवस की हार्दिक शुभकामनाएं💐,0,hi
"बिहार: भारत का एकमात्र ऐसा किला जो जमीन पर नहीं, बल्कि जमीन के नीचे है, यहां पढ़ें अकल्पनीय जानकारी रंजन सिंह राजपूत की रिपोर्ट",0,hi
"अबे सुअर के बीज, इसमे कोई हलाला की पैदाइस ही होगा, बजरंगी बजरंगी होते, जाहिल नीच गिरे जिहादी नही।",1,hi
"सोने में गिरावट का दौर जारी, खरीदारी का सुनहरा मौका via",0,hi
कर्नाटक का चिकबलपुर आरोप है कि यहां एक किसान ने अपनी तीन महीने की बेटी को एक लाख रुपये में बेच दिया. उन रुपयों से उसने एक बाइक और मोबाइल फोन खरीद लिया. पड़ोसियों की शिकायत के बाद महिला और बाल कल्याण विभाग के अधिकारियों ने कार्रवाई की.,0,hi
"रेलवे NEET/JEE परीक्षा देने वाले छात्रों के लिए 2 से 15 सितंबर तक चलाएगी विशेष ट्रेनें, देखें पूरी लिस्ट via",0,hi
"कटुआ, मुल्ला, कठमुल्ले, हरामी की औलाद, सूअर के बच्चे कहने में शर्म आ रही है क्या? यदि किसी हिन्दू ने मस्जिद तोड़ी होती तो, हिन्दू आतंकवाद कहने में कोई शर्म नहीं आती । जय माँ काली जय भवानी",1,hi
दिल्ली में मुसलमानों को दलित को बेवकूफ बनाकर वोट लूट लिया आर एस एस की कच्छा से निकला मैल! नहीं समझ पाया मुसलमान और दलित,1,hi
"दिल्ली की कई जगहों में सीवर वाला गंदा पानी आ रहा है, केजरीवाल जनता को बताएँ कि उन्होंने इस पर क्या क़दम उठाया- श्री",1,hi
RT इस देश में 3 महीने की बच्चियों से लेकर 90 साल की बुज़ुर्ग महिलाओं का हर रोज़ बलात्कार होता रहेगा! मोदी सरकार हमारे टै…,1,hi
ReportForSSR | क्या महाराष्ट्र का संविधान अलग है? : समाजिक कार्यकर्ता ममता काले ने राजनीतिक विश्लेषक संजय गुप्ता से पूछा देखिए 'पूछता है भारत' अर्नब के साथ रिपब्लिक भारत पर LIVE :,0,hi
"उप्र: पीएम रिपोर्ट में खुलासा: हार्टअटैक से हुई थी पूर्व विधायक निर्वेंद्र की मौत; शरीर पर नहीं मिले चोट के निशान, बेटे ने पिटाई कर हत्या का दावा किया था NirvendraMishra",0,hi
"देश में कोरोना संक्रमण का आंकड़ा 42 लाख के पार पहुंचा, नए मामलों के आंकड़े जानकर हैरान हो जाएंगे आप ZeeJankariOnCorona",0,hi
ठाकरे तो बस एक ही था अब तो बस ठीकरों की सरकार है।,1,hi
"साले नीच, तू भारत के संविधान के तहत नौकरी वाले अधिकारियों से जूते साफ करवायेगा? तेरे अब्बू का राज नही है, अगर ये अधिकारी चाहे तो तेरे और तेरे सारे खानदान से जूते साफ ना करवा दी तो कहना, बस एक बार जनता तुझे वोट ना दे के हरा दे, फिर देख कमीने",1,hi
"NDTV से बोले पी. चिदंबरम, 'मानव निर्मित आपदा के लिए भगवान को दोष मत दें'",0,hi
"यादव पहले दूध रोटी खाते थे, अब बंदूक की गोली खाते है?",1,hi
"स्पष्ट रूप से अर्थव्यवस्था को आगे फिसलने से रोकने के लिए, सरकार ने कोल्हापुरी चप्पल बेचने की योजना बनाई है।",1,hi
"जीवनसंवाद: हम संघर्ष करना चाहते हैं, क्योंकि सामने संघर्ष की मिसाल रखना चाहते हैं. नए शहर में इतना कुछ नया होगा कि हमें अपनी जड़ें जमाने में बरसों बीत जाएंगे. हम कर्ज में जरूर हैं, लेकिन हम हारना नहीं चाहते. वह भी बिना लड़े. JeevanSamvad",0,hi
"एक्ट्रेस सारा अली खान. पिछले दिनों उन्होंने अपने घर में गणपति की स्थापना की और पूजा की फोटो सोशल मीडिया पर पोस्ट की. लेकिन लोगों को उनका गणेश पूजा करना रास नहीं आया. वो उन्हें ट्रोल करने लगे, साथ ही साथ इस्लाम का ज्ञान भी बांटने लगे.",0,hi
क्योकि वो जानता है मध्यवर्गी कितने कमीने होते है ..,1,hi
तू शक्ल से ही कमीना लगता है नोटी,1,hi
दिल्ली हाईकोर्ट ने सुदर्शन न्यूज़ चैनल के विवादित शो के प्रसारण पर रोक लगा दी है. जामिया मिल्लिया इस्लामिया के कुछ वर्तमान और पूर्व छात्रों ने इसके ख़िलाफ कोर्ट में याचिका लगाई थी.,0,hi
आईटीसी अपनी तीन सहायक कंपनियों का अपने साथ करेगी विलय via,0,hi
"प्रविडेंट फंड से पैसे निकालने से बचें, 1 लाख निकालने पर 11 लाख का होता है नुकसान via EPFO ProvidentFund",0,hi
ज़ुबानी जंग में Y+ श्रेणी की सुरक्षा मिली अगर मार पीट हो जाती तो राफ़ेल भी मिल सकता था,1,hi
यह देखिए यह आतंकवादी मुंबई में एक रेलवे प्लेटफार्म पर खुलकर पाकिस्तान जिंदाबाद के नारे लगा रहे हैं और आतंकी जिहादी अबू आजमी जो मुंबई बम ब्लास्ट में भी पकड़ा गया था लेकिन जिहादी कांग्रेस के कारण है बचकर साफ निकल गया आखिर इन आतंकियों को हिंदुस्तान में कब तक बर्दाश्त किया जाएगा,1,hi
"साफ-सफाई, स्वच्छता, सैनिटाइजेशन तथा मास्क के प्रयोग से कोविड-19 बीमारी के साथ-साथ अन्य बीमारियों पर भी नियंत्रण है।डायरिया तथा डिसेन्टरी के क्षेत्रों में इस वर्ष बहुत कमी आई है: ACS, चिकित्सा एवं स्वास्थ्य, श्री अमित मोहन प्रसाद जी",0,hi
"अनलॉक-4 के दिशानिर्देश जारी; फिलहाल स्कूल-कॉलेज रहेंगे बंद, 7 सितंबर से चलेगी मेट्रो",0,hi
"मुंबई, विख्रोली: केरल के कोझिकोड एयरपोर्ट में प्लेन की क्रैश लैंडिंग के दौरान जान गंवाने वाले कैप्टन दीपक वसंत साठे को टैगोर नगर श्मशान घाट में राजकीय सम्मान दिया गया। KozhikodePlaneCrash",0,hi
"आप सब को बता दूँ मेरी पुत्री ""सुश्री जीडीपी"" अब मेरे कंट्रोल में नहीं है!! ""विकास के पिताजी"" की और से जनहित में जारी!!! मेरी पुत्री पर बात ना करे पड़ोसी बालक PUBG को मार भगाया है हम ने देशहित में!!!!",1,hi
"दिल्ली और मुंबई दोनो जगह मुगल शाशन स्थापित हो चुका है, वहा केजरु-उल-हक हसन बेशर्म यहा उढु-उल-हक हसन फ़ुटे कर्म.😂😂😂",1,hi
थू है नशेडिवुड के शिखंडियो.. दिशा का चार लोगों ने बलात्कार किया उसके बाद एक बड़े नेता का बॉडीगार्ड सहित चार लोग मिलकर उसके हाथ पैर पकड़कर उसे 14 मंजिल से नीचे फेंक दिया : चश्मदीद एक बॉलीवुड की बेटी के साथ इतनी बर्बरता हुई लेकिन कोई कमीना भांड मुहं नही खोल रहा है.. बेशर्म थू,1,hi
UPA सरकार में भारत की अर्थव्यवस्था तेज भागने वाली दुनिया में तीसरी थी और अब ये 35वें स्थान पर पहुंच गई है। भक्त मस्त!,0,hi
भारत चीन तनाव के बीच विदेश मंत्री एस जयशंकर और रक्षामंत्री राजनाथ सिंह लेंगे SCO बैठक में हिस्सा,0,hi
अब ये पाकिस्तानी कुतिया भी बोलने लगी देखने मे एकदम पक्का आवारा और बेस्या छक्का लग रही है,1,hi
"जिन सुअरो ने जाकर उस मंदिर में पत्थरबाजी की थी वह कहां है इनकी मां के जने है कहां वह सूअर के बच्चे और यह कौन है नौकरी चाहिए अबे हरामखोर ओ नौकरी नहीं रहेगा तो जाकर किसी का मंदिर तोड़ोगे क्या सूअर कहीं के और जिहादी सालों तुम्हारे ना पिछवाड़े में डालेंगे ,सुअर कौम और सुअर सोच",1,hi
"जिस रोड पर पुलिया के नीचे आईईडी पाया गया, उस मार्ग से आवागमन बंद कराकर सुरक्षा बलों ने सर्च ऑपरेशन शुरू कर दिया है JammuAndKashmir",0,hi
धर्म परिवर्तन करके शादी या निकाह से जुड़े मामले की जांच एसआईटी करेगी। UttarPradesh Kanpur,0,hi
"जुलाई, 2020 (आधार: 2011-12=100) में आठ कोर उद्योगों का सूचकांक विवरण :",0,hi
"Karnataka | आज शाम तक सरकार पर फैसला संभव, SupremeCourt के कहने पर स्पीकर से मिलेंगे बागी विधायक पढ़ें खबर-",0,hi
ये pic पाकिस्तान में मारे गए हिन्दू परिवार की है। ये कट्टरता फ़ैलाने वाला इसे भारत का बता कर प्रधानमंत्री जी के आत्मनिर्भर भारत अभियान को बदनाम कर रहा है और भारत और मोदीजी की छवि खराब करना चाहता है।,1,hi
आकाशवाणी से प्रस्तुत हैं दोपहरसमाचार,0,hi
"कोरोना पर नियंत्रण के लिए हमारी रणनीति सही, जीत लेंगे लड़ाई।- माननीय मुख्यमंत्री श्री पढ़िए दैनिक जागरण के साथ माननीय मुख्यमंत्री जी की विविध मुद्दों पर खास बातचीत",0,hi
हमारे नालंदा विश्वविद्यालय की 150 लाख किताबे महीनो तक जलाने वाले एक किताब जलाने पर पूरा स्वीडन जला रहे है😡,1,hi
"AmitShahHealthUpdate: अमित शाह को एम्स से मिली छुट्टी, इलाज के बाद पूरी तरह से हुए ठीक AmitShah",0,hi
"अभिनेत्री ZairaWasim ने ""इस्लाम में अभिनय हराम"" बता फिल्में छोड़ीं। तो क्या मीना, मधुबाला सायरा, शबाना, सलमान, शाहरुख आदि हरामी हैं ? ZairaQuitsLobbySilent",1,hi
रेलवे ने ग्रुप सी पदों पर वैकेंसी जारी की है. इन पदों पर आवेदन की आखिरी तारीख 2 सितंबर है HindiNews,0,hi
होम क्वारनटाइन के दौरान क्या कोरोना मरीज के कपड़े कोरोना बाकी कपड़ों के साथ धो सकते हैं? IndiaFightsCorona COVID19,0,hi
TempleTerrorAttack मादरचोद मीडीया वाले भी मस्जिद या चर्च में किसी ने कुछ फ़ैकने की news चला देते हैं लेकिन मंदिर टूटने पर मौन,1,hi
"SushantWasMurdered | DRDO गेस्ट हाउस पहुंचीं सुशांत की बहन मीतू, CBI दर्ज करेगी बयान",0,hi
"घर घर नाली, घर घर गैस जिसकी लाठी, उसकी भैस! बनेगा पकोडा, बनेगी चाय स्कूल कॉलेज, भाड़ में जाये! आम आदमियों से, मन की बात उद्योगपतियों से, धन की बात! वाह रे शासन, तेरा खेल! न्याय मांगे तो, हो गयी जेल,,,",1,hi
जैसा नेपाल था 2007 तक। या पाकिस्तान है अभी तक। उस से भी एक कदम आगे जैसा कि अफगानिस्तान हो गया है अब जब से तालिबानी आ गए है। तुरंत न्याय on the spot। जब तक कि ये भीड़ का न्याय कभी बाजार में इनके साथ इनके बाल बच्चो के सामने न हो जाये।,1,hi
"यकीन मानिए, ऐसे खरीदेंगे तो पेट्रोल कार से कुछ लाख रुपये तक भी सस्ती पड़ सकती है इलेक्ट्रिक कार! via ElectricCar ElectricVehicle",0,hi
अनुच्छेद 370 की लड़ाई में पाक के समर्थन पर बोले फ़ारूक़ अब्दुल्ला: किसी के हाथों की कठपुतली नहीं JammuKashmir Article370 Pakistan FarooqAbdullah जम्मूकश्मीर अनुच्छेद370 पाकिस्तान फारूकअब्दुल्ला,0,hi
15 वर्ष तक कांग्रेस के कुशासन ने भ्रष्टाचार के कई आयाम लिखें तो पिछले 53 महीने से दिल्ली में एक झूठ परोसने वाला सरकार का मुखिया है- श्री,1,hi
केन्द्रीय रेल तथा वाणिज्य और उद्योग मंत्री ने फ्रेट कॉरिडोर कॉरपोरेशन इंडिया लिमिटेड (डीएफसीसीआईएल) के कार्यो की प्रगति की समीक्षा की विवरण:,0,hi
अर्पित का छोटा है। वाया - पड़ोस वाली कुतिया,1,hi
RT सुप्रीम कोर्ट के न्यायी बाबू का एक फैसला उत्तराखंड के लिये सकून देने वाला है सुप्रीम कोर्ट ने सड़क राजमार्ग मार्ग मं…,1,hi
"Breaking-कंगना को गृह मंत्रालय कंगना ने Yश्रेणी की सुरक्षा दी, कंगना ने धमकी मिलने का दावा किया था kangana Kanganaranaut",0,hi
"RT सुना है..?🤔 टमाटर देशद्रोही हो गए है, मोड़ी जी की उम्र को पार कर गए हैं,""🤣",1,hi
"असली हीरो की आवाज में सुनिए ""तेरी मिट्टी में मिल जावां "" सौजन्य से आसाम राइफल्स",0,hi
SushantSinghRajput केस में 11 दिन बाद सीबीआई के हाथ क्या लगा?,0,hi
‘फूट डालो और राज करो’ एक घिनौनी नीति थी और हमेशा रहेगी। ऐसी सोच को देश ने पहले भी पराजित किया था और आज भी करेगा क्योंकि भाईचारा और सद्भावना हमारे लोकतंत्र की नीव हैं।,1,hi
"साहेब ने PUBG बैन कर दिया उनको कोई तो समझाओ सबके पास खेलने के लिये मोर नहीं होता, pubgban",1,hi
"अबे कमिने राज्यसभा में इस तरह के कार्य को गुंडागर्दी कहते है । इसको हम भूलने वाले नहीं है, याद रखेंगे ।",1,hi
सुबह से शाम तक हिंदू मुसलमान कर नफ़रत फैलाने वाला कल तक Shami के बारे में क्या राय रखता था! क्या ये बेशर्म माफ़ी मांगेगा ?,1,hi
"Amethi महिला ने नाबालिग बच्चे से कराई चोरी, मोबाइल देने का लालच देकर चोरी कराई, बच्चे से उसके घर से लाखो के जेवर मंगाए, सर्राफा व्यवसाई के बेटे से कराई चोरी, पीड़ित सर्राफा कारोबारी ने थाने में दी तहरीर, जगदीशपुर के रानीगंज का मामला। policemedianews",0,hi
"7 दिन से कम समय के लिए मुंबई आने वाले CBI अधिकारियों को क्वारंटाइन की जरूरत नहीं: मुंबई नगरपालिका। कोरोना वायरस पर सबसे ज्यादा रिसर्च इस नगरपालिका के पास ही है,वैक्सीन बनवा लेना चाहिए इनसे । 7 दिन से ज्यादा जांच नही करने देने का पैंतरा लगा रही है महाराष्ट्र सरकार। CBI4SSR",1,hi
आर्मी में चमचा गिरी की परंपरा को इसने शुरू किया है । सत्ता के एजेण्डे का भाषा बोलता है ।,1,hi
"कश्मीर भारत और पाकिस्तान के बीच एक ‘विवाद’, बातचीत से हो मसले का हल- फारुक अब्दुल्ला",0,hi
arrestmaheshbhatt कुत्ते को अरेस्ट करो,1,hi
mi fa rider fatto che dicon nn siam razzisti ma qui i rom nn li vogliamo.Ma maledetti buonisti che inventato parola RAZZISTI baaastaaaa!,1,it
L UTENTE LOCHNESS E  UN CAVILLOSO MALATO DI WIKIFRUSTRAZIONE! MA TI VOGLIAMO BENE QUINDI DI COMPATIAMO. M°Jacobus (msg),1,it
Appuntamento il #10marzo a @user di #Brescia col mio #libro e il disagio #mentale dei #migranti:…,0,it
@user Dicesi anche Busone politico vecchio stampo,0,it
Siete tutti quanti una checca politici di merda andate affanculo,1,it
Mi segue la tettona...????????,0,it
@user Infatti frfr è frocia al quadrato,1,it
@user #che umiliante..vedere  tutto ciò. Hotel  x gli immigrati oppure 35euro al giorno e i ns italiani? Rispondete. .,0,it
"Prima di azzardarti a tagliare di netto intere parti (e per giunta di sostituirle con delle puttanate POV come hai fatto) alla voce Wentworth Miller, gradirei essere consultato, almeno per una questione di rispetto per una persona che ha dedicato impegno e tempo a scriverle.",1,it
Mons. Parla Liberati: “In 10 anni l’Europa sarà islamica grazie all’immigrazione. Impugnamo la spada! - SkyTg24News,0,it
"#Vicenza zona S. Paolo...il sindaco #PD caccia i rom da una parte della città e ""apre le porte"" in altri posti...…",0,it
"I was not even good enough to be raped"" se non sei sottomessa come il patriarcato impone non sei degna di essere vittima ma te la sei cercata. Grazie @user per la tua forza #MeToo #slaypatriarchy",0,it
@user Sboldracca talmudica pompinara zoccolosa zingara,0,it
"Quanto mi rode IL CULO che la mia coinquilina mi abbia rotto la bici e mi abbia detto ""ma sì poi il mio Boi la aggiusta"" cioè io letteralmente usata UNA VOLTA LA BICI per favore già sono handicap in più con un freno che non va io non me la sento ad andare in giro",0,it
#QuintaColonna che palle io sono italiana cattolica fiera di esserlo certo non vado a fare attentati e ammazzare musulmani loro lo fanno,0,it
"#roma ""Ottomila firme contro il campo rom a Roma Nord: #campidoglio ascolti territorio""  #notizie",0,it
"@user Il professionista va dove vuole, ci mancherebbe. Poi le scelte portano sempre ad essere valutati, come omini, mezzomini, ominicchi, piglianculo con rispetto parlando e quacquaracquà. Si deve accettare.",0,it
@user Ma non mi ti inculo,1,it
@user Hai fatto una stronzata col Real Madrid e non contento vai in sala stampa a dichiarare che avete subito uno stupro senza dar peso alle parole che dici. Ora pretendi di aver ragione perché nella satita vieni beccato? A vinovo ci verrei io per,0,it
@user che troia....mmmmm vieni qui che ti apro l ano...vieni troiona....mmmm,1,it
"Io ho soltanto cancellato delle falsità scritte sulla voce Milano al paragrafo Università. Avrei dovuto farlo in tutta la voce Milano, in quanto sapete benissimo che al 80-90% le fonti sono messe volutamente false perchè vere non esistono. Ho avuto risposta dall utente Gac, il quale pur sapendo che le fonti presenti in tutta la VOCE MILANO SONO QUASI TUTTE FALSE ha provveduto a ripristinare chiedendomi di discuterne ma con l inganno di passarti la palla qualora avessi provveduto a modificare o a cancellare di nuovo. Dopo aver proceduto al ripristino delle fonti false che a voi piacciono tanto per darvi un senso di realizzazione di vita o per promuovere la vostra città con uno spirito campanilistico ridicolo TANTO esagerato DA RENDERE LA VOCE ridicola E ILLEGGIBILE (potete far presa giusto a qualche zoticone di campagna come voi) , mi state addirittura diffidando di bloccarmi. Non ho altre parole, tanto lo sanno tutti che la voce Milano di wiki non andrà mai in vetrina, perchè i complessi d inferiorità dei suoi mafiosetti da tastiera non glielo permetteranno mai. Burinotti.",1,it
"@user Forza Salvini,se continuiamo ad essere invasi da questi immigrati c'è la facciamo!",0,it
BASTA ORA BESTEMMIO NON È POSSIBILE CHE L’HO ORDINATO IL 30 MAGGIO E ANCORA È IN INGHILTERRA STO CAZZO DI CORRIERE LA DEVE SMETTERE DI GRATTARSI IL CULO ORA HA ROTTO LO DENUNCIO BASTA,1,it
"Marco Travaglio. La vera storia di Berlusconi e della Culona Inchiavabi...  via @user""",0,it
"Bellissimo! Roma: banda di rom gli chiedeva il pizzo da 2 anni, ristoratore esausto li uccide a colpi di mitra -",0,it
"#Roma, #MonteMario: #nomade incendiava #rifiuti",0,it
"Io mi chiedo, avete l'allenatore più pagato del campionato. Vi siete qualificati per culo in champions, non avete vinto un cazzo e state ancora parlando. Tralaltro lo scudetto lo vince il Milan, voi sempre col culo rotto rimanete",1,it
#profughi   ....e ci sono ancora dei malvedenti malpensanti e maldicenti che parlano di donne e bambini!!,1,it
@user Cazzo che gran pompinara..... gli piace proprio il cazzo....,1,it
@user Poi arriva il foraggiatore della mafia sotto indagine quale mandante occulto di stragi mafiose e mette a posto la culona inchiavabile... come no...,0,it
@user Che bel culone,0,it
"Tribunale di Firenze si arrende a circa 3.000 procedure relative ai presunti profughi, altre pratiche vengono RITARDATE. Gli italiani? DOPO…",0,it
"RT @user: Pigiamino anti stupro.""",0,it
@user Si un po’ mulatto o un po’ ricchione devi esserlo per stare tranquillo,0,it
@user devono bruciarli vivi pezzi di merda loro e tutto lislam,1,it
PORCA PUTTANA HO PERSO DIECI ANNI DI VITA,1,it
"Ora mi immagino il centro anzi che verrà raso al suoloCon frasi del tipo che cazzo vieti tu coglione e noi giochiamo a scopa porca puttana""",1,it
"quel pomeriggio volevo urlare porca puttana, non mi sono mai sentita tanto violata",1,it
Cara Angela Merkel ti e' piaciuto fare entrare nel paese gli immigrati? le conseguenze saranno molto maggiori!!!,0,it
è il più consultato ma il 99% delle visite sono x vandalizzare questa merda!!!!!!!! fanculo!!!!!!!!!!!!!!!! e comunque fiatella esiste controlla sul dizionario prima di accusare ingiustamente le persone per bene!! kattiva!!!!! sei un trans te!!!!!!,1,it
"LIGHT SEI GAY🥺❤️❤️❤️. Fai li bucchin a L, dai di la verità, lo sanno tutti ormai. YAGAMI contrario IM A GAY (prima o poi ti sgamerò su chi sei. Sto pezzente)",1,it
Ma Icardi ha giocato il secondo tempo porca puttana?,1,it
Comunque l'@user culona ha ormai stravinto la classifica per pali presi nel corso di questa stagione.La gente però ha le fette di merda davanti agl'occhi e continua con la solita tiritera.#Inter#amala #FCIM,1,it
"Qualcuno avvisi Avvenire che è stata la chiesa a bruciare gay e lesbiche, a torturarli e a rendere loro la vita impossibile. La comunità LGBTQ non ha mai fatto altrettanto con i preti, anche se probabilmente avrebbe dovuto visto quanto frignano per un manichino di una madonna.",0,it
"ALASSIOFUTURA: Recco - "" Pulizia di migranti anche in Italia "", i...",0,it
"Harry fa bene a nascondersi quando viene in Italia, dobbiamo sempre distinguerci porca puttana",1,it
Sopra la foto c è scritto gruzzolo scoeggione!! e guardate come è stat imbrattata la voce!!!!!  in cui sembra essere un merdone di sopravvivenza solo in ambienti cagosi o in diarree puzzolenti con poco nutrimento e in particolare con poco iodio.,1,it
"Stasera per la  Roma hanno segnato uno che volevano vendere 3 mesi fa, capitan futuro a 35 anni e un altro che volevano vendere a luglio 2017. Società ridicola, ma culona.",0,it
PORCA PUTTANA EVAAAAAAAAAAAAAAAAA,1,it
QUESTA RAGAZZINA MI HA SERIAMENTE ROTTO OGNI PARTE DELLA FESSA CAZZO HO LA CANDIDA PER COLPA SUA MI HA PRESO AL CULO SOFIA CAZZO MA PUOI BLOCCARMI OGNI GIORNO CAZZO DOPO TUTTO QUELLP CHE FACCIO PER TE ORA PRENDO UN AEREO PER ROMA E TI LANCIO PIETRQ IN CULO,1,it
@user Su quella faccia da troia era il minimo! ?,1,it
"@user Ok , dopo monti , prodi , renzi , vogliamo di maio , tina cipollari e asia argento al governo. Contenta?",0,it
ashley e la tettona in tl &gt;&gt;&gt;&gt;&gt;&gt;,0,it
"@user Quindi fra poco non si potrà dire più ""mbriacone"" oltre che ""ricchione"" ....",0,it
@user saremo invasi da musulmani che imporranno  a tutti le loro  leggi...fa pensare!,0,it
@user Può darsi di sì come anche di no però qnd mi stanno a piglia per culo e me l ho vogliono mettere in culo forse me ne rendo conto in quel momento delle virgole e punti nn mi servono cmq grazie per il suggerimento,1,it
@user dobbiamo subire ancora per toglierci dalle palle questi musulmani irrispettosi e delinquenti?Tagliamolemani,1,it
@user Uei chi cazzo sei? Un ricchione indiano?,1,it
Tangenti per gli appalti nei campi rom: chiesto il rinvio per 17 indagati,0,it
@user Ci avete rotto i coglioni con questi migranti! Non riuscirete a fare il lavaggio del cervello agli ITALIANI!,1,it
"@user Il Neutrino non ti da nessuna carica, il busone se sei free gender può darti una bella carica",0,it
"Sperando che non mi caghino la minchia per il nullaosta così me ne torno in sicilia finalmente, CAZZOOOO 😭😭😭",0,it
"Tuo padre è la tua condanna (dna). Noi non possiamo unirci alle figlie di ricchione. Il Salento ora è Patria degli sbirri, vi potete accoppiare solo con poliziotti. Caini 🤮",0,it
"@user Saturno che divora le lesbiche, che immagine potentissima. Mente eccelsa.",0,it
"@user ahhahahah ma chi li vota? due piglianculo come quelli , ma finitela di regalare voti alla meloni",1,it
"Kaisernuny (msg) Senti un po , come hai osato cancellare la pagina?! Se ti domandi cosa è la pagina   Giovanna Papandrea   non avevo ancora finito sei un vigliacco ecco cosa sei, dopo detto questo ciao",1,it
"@user La metto a pecora e la inculo dicendogli: ""Goditi questo cazzo che la checca argentina non può darti""....... 🤣🤣🤣🤣🤣",1,it
una delle categorie che mi irritano di più al mondo ? quelli che in piscina vanno ai 200 all’ora NON nella corsa dei veloci zio già rotto il cazzo di starmi sotto al culo solo perchè al posto dei piedi hai delle pinne,1,it
Non so molto del busone di Higgs ma sicuro ha meno pagine del Presti - Rescigno,0,it
Dopo Pogba bisogna subito ricorrere ai ripari; ci amma fà benedicere 'a 'nu prevete ricchione; ossia serve urgentemente la benedizione di un prete diversamente maschio.,0,it
"Mo, io ho tette piccole, forse nella media, e mio figlio mi saluta dicendo “Ciao tettona”.",0,it
@user A giudicare dal suo profilo la cosa più importante che abbia fatto è farsi bloccare su Twitter da Asia Argento.Cerca di capirlo.,0,it
@user se ti piace vattene fuori dall'Italia diventa musulmana e fatti ammazzare,1,it
@user ma la smetti di fare il ricchione,0,it
@user La culona è una grande Paracelsus falsa e ignorante da far paura!!!,1,it
Io che ho una paura schifosa per gli insetti scappo fuori la macchina e dico che andrò a casa a piedi.. il resto del sogno è piuttosto confuso. Infatti l'unica cosa che ho chiara è mia madre che scende a sua volta dalla macchina e mi urla spaventata di rientrare,0,it
@user Beffa insomma Putin non è una checca del politicamente corretto ma il suo stato e corretto sotto l’aspetto politico.,0,it
RT @user: Ma l'attrice Natalie Wood era considerata una figa di legno?,0,it
"#prelemi domani è il compleanno di sto gay vai @user domani si festeggia con vino minigonna è tacchi a, spillo proprio in calore 🔥🔥🔥 @user",0,it
"Acerra: sassaiola al campo rom per impedire l'arresto di un parente, che approfittando della bagarre, è riuscito a fuggire",0,it
Grazie ai 20 milioni di italiani che hanno consegnato il paese alla peggio feccia del #populismo    #immigrazione. Non si lamentino  🖒,1,it
@user bel viso labbra da pompinara,0,it
"#Giornata internazionale rom e sinti inclusione ancora lontana #Giornata #internazionale #rom #e #sinti, ...",0,it
"Vorrei chiedere ai maestrini/e del PD dare del ricchione ad un gay politicamente schierato a destra da uno di sinistra è omofobia o vale sola nel caso inverso, lo chiedo avendo assistito ad un diverbio tra gente di differente pensiero. Non credo che mi risponderanno.",0,it
"ITALIA UNITA da SUD a NORD!Nemici non sono NAPOLETANI ne' LEGHISTI,ma questa orda Afroislamica che ci invade pagata…",1,it
"#gatti #Salvini, orfano di #Morisi con cocaina in casa e gay rumeni a pagamento, tenta una comunicazione ancora più idiota per gli idioti: il gatto con gli immigrati. Lui che si mangia maiali come non ci fosse un domani.",1,it
@user Le moschee saranno fatte saltare in aria! odiamo le bestie del corano più dei nazisti della 2a guerra mondiale,1,it
"Pijano gli schiaffi dal Salisburgo, ma se permettono ancora de parlà de noi.Sete proprio le persone più merdose e schifose esistenti al mondo.LAZIALE ME FAI PROPRIO SCHIFO",1,it
"Treviso, spara e ferisce alla testa un ladro nomade: ora il vigilante è accusato di tentato omicidio...",0,it
piuttosto di fare l'impiegato faccio il nomade,0,it
@user cosi ti sborro,0,it
"@user Bucaiolo, impara prima scrivere e poi commenti! Studia, schifezza che sei!! 🤣🤣",1,it
Li ho sempre odiati sti cazzo di islamici di merda! Crepate tutti!,1,it
"A #riscopriamoli con @user Lo straniero misterioso, edito da @user nell'ambito dell'operazione ""Tut…",0,it
"@user Sempre piú maialona,hai una faccia da succhiacazzo incredibile",1,it
Tu troia devi essere la puttana di tutti e farti chiavare da tutti? Si cornutone mio,1,it
"@user Rebekkah culona"" Kasner non credo sarà di alcun aiuto""",0,it
Travaglio è una checca isterica.,0,it
oramai è diventata terra di rom e magrebini addetti allo spaccio i quali con fare aggressivo non solo minacciano...,1,it
@user Ma io penso che Zaniolo sia un figlio di Troia e spero che la Roma je spacchi il culo o in un modo vendendolo e comprando uno più forte o facendo stare zitto con un rinnovo giusto perché sti giocatori hanno rotto le palle . Daje bello forza Roma 💪,1,it
@user Bella Tettona favolosa!?,0,it
"@user No, mi faccio io le tipe. Non sono gelosa. E aver uba terza quasi quarta bon è essere tettona.",0,it
"Ecco che succede a mettersi contro la lobby gay. Mandrie di pecore a rovinarti la vita, invece di pensare agli affari importanti del Paese.",0,it
osbazzone che tu fai IWWUOLKERTEXASRANGER ? io son di già ubriaco di gin lemon si tu ne voi bevi co me !95.233.86.,1,it
Sale i reddito delle famiglie ? Bugiardi rottinculo !,1,it
sto delirando è ora di dormire 😁😁😁😁😁😁🎣 fine della malattia da ricchione,0,it
Ci sono ancora in Italia genitori che terrorizzano i propri figli con le streghe che arrivano e ti portano...,0,it
"La mia prima volta è stata a 14 anni, un sabato sera. Ero uscito con le mie amiche, la prima uscita da soli, senza genitori. Per l’occasione avevo le All Stars nuove. Un ragazzo più grande di me iniziò a seguirmi per strada e mi urlò “ricchione”. Questa è stata la prima volta.",0,it
Ma si possono perdere 51€ solo per l'Over a #LipsiaMarsiglia ma porca puttana!#UEL,1,it
"mi accodo al commento di sopra, porco giuda come cazzo si fa a tradurre dorsum nudum fero tui sceleris con  porto il dorso nudo etc ? Fero in questo caso significa  offro , mannaggia al cazzo!",1,it
@user E proprio gustasa mentre telo succhia...bellissima pompinara!,1,it
"Amato benché gesuita, santo benché Gonzaga, uscito, non si sa come, da un casato in cui i principali componenti non brillavano certamente per etica o moralità. Non un bacchettone o un “collotorto”; e neppure il #chierico barocco effeminato con le mani giunte intento a ➡️",0,it
OHHH E FALLO SU ANGUISSA RICCHIONE,0,it
@user Lei @user e' doppiamente una merda e pompinara avendo disonorato le donne per quello che ha fatto ovvero fare i pompini a Weinstein per scalare nel mondo del cinema. #arrivista #pompinara #humanrefuse #asiaargentommer,1,it
"@user secondo me è il motore della vita!... Cmq rispondi ai messaggi, negro musulmano",1,it
Podisti derubati alla RomaOstia sfidano i rom x recuperare chiavi di casa portafogli e telefonini  @user 🔥🔥,0,it
"Io, Claudia e il mio amico Alessandro: Era iniziato tutto per caso... Un giorno che claudia era un po' scollata, e alessandro senza peli sulla lingua mi disse scherzando: oh è proprio tettona claudia, non ci avevo mai fatto caso!"" Lì per lì si concluse…",0,it
#dallavostraparte @user il profugo #Bellofigo  che canta e istiga a rubare e a stuprare ospite questa sera e' da espellere dall'Italia.,0,it
"#Roma, Anac su campi rom. @user: ""ora seguano i fatti""  @user #trasparenza",0,it
"Ehi Jules, devo ammettere che mi sei mancato parecchio in questi ultimi tempi.""""Ma porca puttana Luke, che cazzo stai dicendo? Sono tre giorni che stai al bancone a bere birra; non ti sei mai mosso da qui.""#unTemaAlGiorno #ilParticipio""",1,it
@user stavo pensando a ricchione probabilmente,0,it
@user (si infatti dipende... poi il concetto di troia andrebbe 'illustrato' altrimenti passi per una acida e non lo sei !),0,it
"Gran tettona mulatta, vorrei bere il suo latte caldo",1,it
CRONACA: Agente della Squadra Volanti aggredito da un cittadino di etnia rom,0,it
#dallavostraparte levare i soldi alla sanità levare i soldi a i poveri italiani per darli a dei clandestini criminali islamici feroci,1,it
"Via Andrea Doria, nuovo blitz dei vigili al mercatino abusivo dei rom – FOTO... #news #Roma",0,it
"@user Ok dire che ha sbagliato ma dare della ""checca"" nel 2022 anche no, dai",0,it
@user gente inutile come tutti i musulmani,1,it
"Ma la correlazione potentissima tra l'essere ricchione e andare appresso all'oroscopo allo stesso modo in cui un ultracattolico va appresso alla Bibbia, ne vogliamo parlare?",0,it
"Una nella mia classe ieri ha detto \""Dovremmo uccidere tutti i musulmani, così non ci sarebbero più i terroristi\""Ma sei cretina allora",1,it
ma porca puttana ma perché i monsta si meritano premi su premi,1,it
"il mio professore di pedagogia è gay e nel gruppo dell'università fanno tutte le sconvolte, are u ok?",0,it
@user puttanona,0,it
No al terrorismo!! Nn serve un cazzo! Bisogna andare li è distruggere tutti i terroristi anche i piccoli!!,1,it
Il rom che derubò Ermes dà fuoco alla sua roulotte per ottenere una casa sto figlio di zoccola ha capito bene cosa fare x sistemarsi,0,it
"Quindi tu sei uno di quelli   conservativi  , che preferiscono non cancellare. Ok. Avresti lasciato anche   sfaccimma  ? Si? Ok. Contento te... io non approvo per nulla, ma non conto nemmeno nulla... Allora lo sai che faccio? Me ne frego! (Aborro il fascismo, ma quando ce vo , ce vo !) Elborgo (sms) ",1,it
"@user Poi gli è mancato il culo perché quello serve sempre quindi la questione del ginocchio, ma soprattutto la testa perché si è rotto i coglioni velocemente e non ha più provato. Adesso gioca con i suoi amici nella squadra del paese in terza categoria e va bene così",1,it
"@user È Vero gay non è un insulto, ricchione se non sbaglio",0,it
"@user Ma io vi manderei a Nizza a calci in culo. O a Londra, o a Madrid.. o a Bologna. In sta città sono anni che si ragiona in un mix di brigatismo e mafia (per dire:se non voti PD ti minacciano di morte..). Ha rotto il cazzo.",1,it
"@user Non mi piace la donna schiava ma neanche l’uomo schiavo, mi piacciono gli uomini e le donne che lavorano insieme in parità!",0,it
@user Bella bocca da pompinara ?????????,0,it
@user I disagi da tettona.Alcune volte sono arrivata a maledire mia mamma per questo regalo.IN ITALIA NON VE LE MERITATE LE TETTONE.,1,it
La Nato e Zelensky? Agli italiani hanno ampiamente rotto le balle: il sondaggio commissionato da Formigli lo conferma ampiamente  andate a fare in culo nazista di 💩idem x la ursula,1,it
"non ti discrimino, ma l importante è che non ti siedi sulla dinamite -P. rischi di essere invitato a qualche raduno D (vabbè, vado a letto che inizio a sparare cazzate... tanto ci saranno prodi admin che  difenderanno wiki dall anarchia  fino a domani mattina. ti saluto e ricorda che il fratellino ti osserva (se gli capiti davanti D). ",1,it
Meglio morto che islamico...,1,it
"La parità di genere nel linguaggio istituzionale Se ""bagascio "" suona male ""Frocia "" ancora peggio. Parlate come mangiate inutili sostituire sinistroidi, c'è gente che ha fame",0,it
"Se un operaio che guadagna 1500 euro, fa una minchiata, può essere licenziato per incompetenzae e se la piglia in culo, se un incompetente, che ruba 15000 euro, stando ad oziare sugli scranni del potere, crea una crisi di governo, in culo ce lo prendiamo tutti. Politici di merda",1,it
"@user Sempre una gran troia da riempire di cazzo in bocca, fica e culo... Sei da ricoprire di sborra dalla testa ai piedi...  Ho il cazzo sempre duro per te dai vieni a farti sbattere per bene puttana",1,it
"Milano, rom da anni in stabili comunali di via Adriano",0,it
"questo se uno non è uno   gnorante   come me.. faccio prima ad aspettare qualche settimana che la discussione che mi crea il problema venga archiviata, altrimenti mi tocca sparare al pc )).. 93.32.253.",1,it
Jean-Jacques Georges (d),0,fr
Peut-être parce que c'est celui qui est le plus honnête et qui déclare le plus?   ,0,fr
"Le jour où Didier Super se masturbera sur scène avec une poupée gonflable en hurlant des insultes racistes et homophobes dans une sono faite de Larsen, on en reparlera.",1,fr
"Je pense quand même que Meluche est un connard de social traitre, aux vieux relents autoritaires.",1,fr
"ASO       Rigoletto   , son bouffon, baryton bof...    Kaminski       ",0,fr
Ton père est un connard violent que ta mère a épousé pour faire un geste politique et qu'elle a eut tous le temps de regretter.   ,1,fr
"Bonjour, je suis Akadians, et je vous accueille en tant que wikipédien bénévole.",0,fr
VOUS ETES TOUS DES GROS CONNARDS,1,fr
C'était notre première année ensemble et on était encore en train de se découvrir.,0,fr
Allez tous vous faire enculer par Rogel,1,fr
que vous ne voulez pas bouffer les nichons fermes et doux de cette garce d Eva Green !,1,fr
", t'en ressors le trou du cul en chou-fleur après avoir subi les pires outrages.",1,fr
et si tu veux une autre gifle dans la face ça me fera plaisir de te la mettre.,1,fr
Hillary Clinton est un nigger putain!,1,fr
"Bonjour, vous devez être sacrément intelligent et cultivé pour prendre à ce point là votre prochain pour un con comme vous le faites avec moi.",1,fr
DE TE TIRER UNE BALLE DANS LA TÊTE,1,fr
Putain j'en ai rien à foutre en fait des musulmans tu vois...s'ils supportent pas le saucisson c'est leur problème.,1,fr
"un (et certains sont probablement faux), à qui j'envoie les réponses?",0,fr
"et si t'es pas content tu peux venir chatouiller mon gland avec tes amygdales, comme ça ta bouche sera utile pour une fois.  ",1,fr
"D'habitude c'est plus genre 5, 7 ça commence à m'embêter un peu.  ",0,fr
"L'AE est exempt la première année, mais doit ensuite s'en acquitter.",0,fr
Vous êtes con ou quoi ?,1,fr
Vous cherchez à nuire.,0,fr
"Fils de pute d'ancien nazi de bourreau d'enfants, ton père il t'a fini à la pisse après il t'a bercé contre un mur !",1,fr
"FEMEN = « Désormais, tous les homophobes, extrémistes et fascistes devront lécher mon cul pour envoyer une lettre !",1,fr
Ton Christ a baisé sa mère pour lui faire un gosse et toi tu es le résultat de relations consanguines.,1,fr
Maintenant vous m accusez d etre un rigolo !!,0,fr
ne te stresse pas trop non plus pour mon avis car ce n est que le miens ...,0,fr
En général la population islandaise se prête particulièrement bien à ces observations.  ,0,fr
Ça doit vraiment être un gros mange-merde pour pacifier avec de pareils ordures sans aucun état d'âme.  ,1,fr
"parceque c'est vrai que les millions de maghrebins en france sont des racailles qui caillassent la police ,et  qu'ils font du bruit en bas des immeubles ...   ",1,fr
Remets mon article sur les putes de la cité !!!!,1,fr
"Et pardon mais ces connards de catho tradis, bien blancs, sont tout autant homophobes que les musulmans, seulement eux sont plus subtils, mais tout aussi dangereux que leurs compères de bêtise religieuse.   ",1,fr
"Il me laisse froid, c est un pauvre mec minable complèteent paumé.",1,fr
", on a reçu une plainte via OTRS concernant le fichier Fichier:Abbaye-de-battle-salle-capitulaire.jpg.",0,fr
"La culture du cannabis a eu d'autres conséquences inattendues : les habitants de la petite ville d'Hugo ont ainsi dû cesser de consommer l'eau du robinet, qui présentait une concentration importante de THC",0,fr
"D'une part, ce n'est possible que pour les produits que l'on peut construire en France (ton smartphone, que tu lui mettes 0% ou 120% de taxes douanières, il sera fabriqué en Asie du sud-est, point).",0,fr
"Dans l'historique des présidentielles, il l'a sorti dans les moments ""normaux"", si l'on peut dire.",0,fr
"Eh toi, la pute, t as intérêt de fermer ta geule, sinon je t encule avec mon godemichet que tu dises     Oh ouui, oh oui!",1,fr
"Je ne pensais pas que je cassais une regle, et si j'ai vraiment tord, je m'excuse.",0,fr
"Car il s agit de ma page avec une plainte de mes avocats à l appui, c est plus clair ?",0,fr
Je crois que c'est le president de l'association des maires de France,0,fr
"parcequ'il est impopulaire du fait qu'il ne respecte pas le programme pour lequel il a été élu  OK pour le reste, mais ça ça me parait dangereux.",0,fr
Putain d'enfoiré d'homme blanc qui se prend pour la master race en ayant la prétention de montrer l'exemple au reste de la terre.,1,fr
"-En noir et blanc, tu ressemble à une mouche nuisible !!",1,fr
"On a regardé *Her* de Spike Jonze avec Joachim Phoenix, Scarlett Johansson, ...",0,fr
"Il y a environ 1.8 million d'expatriés, ce ne sont pas eux qui retiennent 80 milliards d'impôts.",0,fr
"Putain mais espèce de fils de pute, tu regardes tellement toutes ces émissions de merde que la première chose qui te vient à l'esprit quand tu entends un nom qui a traversé les âges et marqué notre monde comme le mien, c'est un taré cocaïnomane qui présente des émissions télé de merde que les connards dans ton genre prétendent regarder au second degré ""parce que c'est marrant"" alors que tout le monde sait que c'est le seul genre de programme que vous comprenez ?",1,fr
On apprend plus tard que telle ou telle personne dans sa classe était homo.,0,fr
L infobox sur les pertes ne parle pas de 100 000 tués mais présente différents chiffres.,0,fr
"Deuxièmement, tu ne réponds pas a ma question initiale qui était de savoir comment on peut prétendre faire augmenter les salaires en supprimant les cotisations chomage/santé, alors qu'en fait tu les reportes juste sur la CSG. (hausse de la CSG qui est aussi censée absorber les milliards d'€ de taxe d'habitation supprimés en passant).",0,fr
"Je parle du proxy du pays aussi moisi qu'une pute albanaise borgne et lépreuse ...  YOLO, à la douche, et allons conduire comme un connard en direction du boulot ...",1,fr
"Et qu'il faut être un sacré fils de catin pour venir faire des remarques sarcastiques sur la guerre et le courage, quand on est un putain de hipster qui vit dans un pays en paix avec lui même et ses voisins depuis 70 ans.",1,fr
Argument de l imbécile !,1,fr
"Non, tu dis selon truc, machin est un con.",1,fr
Jean-Jacques Georges (Sonnez avant d entrer),0,fr
"Cordialement, K õ a nZen",0,fr
"En tout cas, à votre place j aurais vraiment honte.",0,fr
toutes mes salutations les plus distinguee a la pute.,1,fr
"À la rigueur la liste pourrait être à part, mais alors un seul article suffirait et il faudrait que l article",0,fr
"Gilles le père de Rémy est un anorexique alcoolique, Julie est une grosse chinois prostitué qui passe tous son temps libre à ce faire prendre par tous le monde.",1,fr
Les pète couilles ~~qui critiquent la façon de parler des autres pour des détails~~ devraient crever.,1,fr
"Pour les niquer il faudrait connaître leur nationalité, et les poutrer en heure creuse selon leur fuseau horaire;  ",1,fr
"et ta connerie est en grande largeur, petit jugeaillon de français",1,fr
"S il te prend l envie d échanger des impressions sur des expéditions, mon adresse mail est disponible.",0,fr
", ça n'existe plus vraiment en france  il serait plus intéressant de parler de parti politique (LR, ou ""gauche""), vu que chacun fait la politique de son parti sans se comporter comme un vrai homme politique ;",0,fr
"Revert, menace, insulte.",0,fr
La procédure de suppression est consultable sur Wikipédia:Pages à supprimer.,0,fr
Le meilleur moyen de faire avancer l'humanité est de remettre à leur place ces cons de parigots.,1,fr
"Antoine Léaument  C'est tellement une pute ce mec, au passage il est d'une suffisance avec sa chaîne ""Le Bon Sens""",1,fr
"Du coup j'ai le choix entre une connasse haineuse, incompétente et antidémocratique, et un connard arrogant, libéral et antidémocratique.",1,fr
et je confirme : les Parisiens sont tous des connards et adorent nous cracher dessus quand on demande un renseignement  ,1,fr
"En gros, les perroquets journalistiques se répètent bêtement, et on prend ça pour une source autorisée.",0,fr
"Tu es une face de rat, un dégénéré insolent, une pauvre ordure, un aliéné mental.",1,fr
"Mon problème avec le commentaire auquel je réponds vient plutôt de :  ""C'est partout pareil en Europe.",0,fr
Je vais chier de la fureur sur ta tronche et tu vas te noyer dedans.,1,fr
Ha tout les conard qui ont une ITS!,1,fr
J'irais voter LePen pour faire la bite à tous ces libéraux qui se croient supérieurs alors qu'ils sont qu'une bande de moutons qui bêlent pour se faire tondre.,1,fr
Allez crever avec vos conseil à la con qui font que culpabiliser.,1,fr
"vous voulez pas qu on se baise a plein de mecs en même temps, ce serait très très très chaud chaud",1,fr
Bien à toiButterfly (d),0,fr
Maintenant des enfants vont mourir à cause de ta conscience de bobo de merde.,1,fr
Allez vous faire tous enculer bande de batards de merde!,1,fr
On doit mourir un jour et dans un cas comme la bosnie je t aurais tiré dessus et je me serais gardé la dernière balle pour moi plutot que de me faire passer dessus par des salopards de ton espèce.fl0 fl0,1,fr
L article  Islam  n est pas un blogue pour un radicalisme politique raciste non plus !,0,fr
ma gaffe aura permis d en corriger une autre bien plus grosse.,0,fr
"Normalement, toutes tes pages et sous-pages auront été renommées.",0,fr
" Pas mal de gents sont au courant que les mec comme l'IPJ sont pour une augmentation générale des peines, et font la différence.",0,fr
Josido est un vrai con on devrais le mettre à la porte il enmerde tout le monde.,1,fr
Son cul imposant lui permet d éliminer ses adversaire et lui sers également de maison pour elle et sont fils qui lui est né en sortant de son anus dilatté et explosé.,1,fr
"Je vais te les faire bouffer en salade avec ta saloperie de caviar russe, tes couilles atrophiées de banquier suisse!",1,fr
Là je suis trop crevé.,0,fr
Vous avez encore fait un sacré boulot pour ce Wikiconcours.,0,fr
laurent gbagbo n  est qu un sale connard de noir qui ne sait pas rester à ca place comme un con.,1,fr
", tu ne trouveras pas d adaptation au cinéma pour ce type de roman, uniquement des téléfilms.   ",0,fr
Les courbes sont disponibles [pour chaque semaine et chaque candidat](,0,fr
", je crois que je le suce un coup vite fait - aucun intérêt mais je suis poli - avant de lui dire de se casser, que oui on se reverra, c'est évident (mais putain dégage).",1,fr
"T es qu,une salope!",1,fr
of the gods (d),0,fr
"Cordialement,Françoise Maîtresse (discuter)  ̴̴̴̴",0,fr
vous êtes des batar et ceux qui s'intéressent à l'apnee c'est des gros pd,1,fr
Deux modos qui se sucent la bite entre eux (pour reprendre tes termes)  ,1,fr
Ca n'empêche pas Bolloré d'être un sale con qui fait chier son monde.,1,fr
"Alors oui, les élèves ont le choix mais c'est difficile de faire un choix éclairé et le résultat est ce qu'il est aujourd'hui.",0,fr
Écoute si tu trouves qu il y a du désordre dans l article va donc leur dire comme tu le fais avec moi.,0,fr
"Je ne sais pas non plus de quelle profondeur de ton trou de balle tu sors ce ""on"" qui traite l'islamisme radical avec douceur, mais tu m'excuseras de voir les millions de Français qui haïssent notre France au point de vouloir élire une femme qui bafoue toute notre République comme un danger plus immédiat que quelques dizaines de milliers de gens tout aussi cons et puants mais qui eux ne pourront jamais renverser nos institutions.",1,fr
saleté d américains tiens ...,1,fr
"Je vais te démonter ta mère avec une précision jamais vue auparavant, et je pèse mes mots.",1,fr
"Puis, bref, il faut admettre que vu la technicité en pompage de brouillard du site (paraître obscur pour sembler profond) il est facile de lâcher l'affaire.  ",0,fr
C'est d'une part graver dans le marbre les inégalités fiscales entre les collectivités  ,0,fr
"Dans un tel système, une bouteille de verre peut être réutilisée 50 fois avant d’être recyclée, 15 fois pour une bouteille de plastique.  ",0,fr
Zellige est petit avec une petite bite et un petit cu LOL IL EST OVALE Zellige est tres con et sa soeur aussi lol mdrr ptdrrr et il aime les croissant miamm !!!,1,fr
"toi à tes petits vandalismes anti-communistes, ton état d esprit ne vaut pas mieux que le pire des staliniens.",1,fr
"J'accorde plus d'importance à un de ses discours les plus importants, où il a dû peser chaque mot, plutôt qu'à des discours revanchards qu'il a peut-être prononcé pour rallier des troupes.",0,fr
Après la Seconde Guerre mondiale,0,fr
"Les imams et les curetons, même en herbe, n ont rien à foutre sur un espace dédié au partage de la connaissance, qu ils s occupent donc de continuer à violer leurs enfants de coeur en toute impunité et nous lâchent un peu les miches.",1,fr
"Tant qu'ils ne font que dire qu'il faut tuer les juifs et les bougnoules, tout va bien.",1,fr
"Bande de sionistes acharnés , l envie vous détruira .",1,fr
T es une merde.,1,fr
"Nate Silver est très bon et 538 fait du bon boulot, mais ici la crainte du herding est probablement due à une méconnaissance du ""marché"" français.",0,fr
"Face à toi ces pédés fuient     Comme le rouquin d'Mantes-la-Jolie, t'as fait l'Indochine, l'Algérie !     De l'époque des Français street crédibles comme Mesrine     Jean-Marie le Pen, fier, dur comme le menhir     Pas comme ces putes qui nous vénèrent, bien sur j'vote Marine !          ",1,fr
"en tant que fille devenue ingénieure, j'ai bien envie de lui foutre mon pied dans la gueule a ton cousin :|",1,fr
Le mirage des pays européens complètement indépendants est un leurre.,0,fr
"Comment une bicyclette pourrait être enculée de sa mère, je ne comprends pas.",1,fr
Patrick Rogel (d),0,fr
"Si j ai bien vu que tu as fait la démarche et auprès de plusieurs administrateurs, c en est d autant plus pathétique, je t imagine en train de pleurer comme une ptite p*p*te parce qu une fille a été méchante avec toi ( bah en général troller des débiles mentaux c est assez génial donc non tu m excuseras mais je ne me priverai pas de ce plaisir mon gros puceau!",1,fr
", je l’encule sa grand-mère... J’ai baisé la France jusqu’à l’agonie...",1,fr
-h n’est pas trop mal () ;,0,fr
"C'est ça être complice, tu comprend la différence ?   ""Mais pourquoi elle a pas parlé cette grosse conne ?",1,fr
Merci de faire à l avenir des contributions constructives et d’.,0,fr
Y'a aussi deux lettres de mise en demeure puisque j'étais pas en mesure de recevoir ce courrier pendant plusieurs semaines.  ,0,fr
"Bande de cons va, faudra pas venir vous plaindre après que vous vous êtes fait bien enculé.  ",1,fr
C'est pour ca que la reponse adaptee c'est d'etre soi aussi un fils de pute.   ,1,fr
ca me choque (cela ne m étonnerais pas que cela soit québécois).,0,fr
tous vous faire enculer par Rogel,1,fr
"Enfin, je dis pas que Cheminade a raison, mais là je suis d'accord avec lui.",0,fr
", qu ai-je fait?)",0,fr
"C'est vraiment un taquet de pute à la gauche radicale, qui utilise ce terme.  ",1,fr
"Dis donc, tu es plutôt têtu toi dans ton genre…",0,fr
"Ou t'es juste trop con (identitaire, action française j'imagine ?",1,fr
"Sinon, pour répondre à ta question de façon purement non partisane, Sarkozy est un con.",1,fr
"Le mode d’enseignement des classes prépas est un conservatoire de traditions rances, dans un espace scolaire clos.",0,fr
"Je lance un dernier avertissement à , si cet article est de nouveau vandalisé avec celui du mbesses.",0,fr
"En vrai, ça ressemble à quoi son programme, dans les grandes lignes ?",0,fr
Je vous souhaite de bonnes futures contributions sur Wikipédia !,0,fr
Je garde cette réplique de coté au prochain fils de pute qui va planquer ses fond au Bahamas hein ?,1,fr
"Bien content de t avoir croisé, je prendrai soin de tes poissons rouges après l enterrement !",0,fr
"Le truc est édité par une boite londonienne, et le numéro sur Macron avait été annoncé quand certains journalistes se sont intéressés au numéro sur Fillon paru en mars.",0,fr
"et la preuve, le monde d aujourduit est sous le menace des juifs la sale race, vous ne voyez pas les enfants de la palastine ??",1,fr
"Les démocraties libérales sont celles qui à l'heure actuelle ont le meilleur équilibre des pouvoirs, en particulier dans les pays scandinaves ou germaniques.  ",0,fr
ניסים קורים יום יום! תודה לך ה',0,he
ביבי אשם בכל כמו עיםהמיסתננים אין אמונה בנושא הזה ביביגם אים בן גביר יהיה בממשלה ביבי לא יתן לו לנגוע בהם כי הוא מפחד מהאיחוד האירופאי ובית המישפט בדנההך,0,he
גם אם יאריכו את המכירת כרטיסים ל2036 אסור לקנות כרטיס לגועל נפש הזה,1,he
גנץ. כמה אתה מכוער.ממש מסכן.,1,he
"אדם קר קר ללא אמפתיה , היא ידעה למה לעשות הסכם סודי !🤦🏻‍♀️🤦🏻‍♀️😡",0,he
סוטה מין מנייק,1,he
לך לך לשון מספיק לדבר,1,he
אפס מאופס 00000000 גדול,1,he
@kann_news @yaara_shapira נראה את הבן זונה שיתקרב אליי לבית בגלל שלא התחסנתי.,1,he
כל הכבוד. הם מעריכים את הארץ שהם חיים בה👍👍👍🌺💐🌼🌸🌻,0,he
החלמה מהירה,0,he
"טוב מאוד, היידה בואו נסתער",0,he
תמסרו לעמית שכבר אין עלייה עין Taliya Atia Azulay Liron Cohen,0,he
אווזה צרחניתשיא הגועל,1,he
הנוכל והרמאי.,1,he
רק ביבי,0,he
על זה נאמר וישמן ישורון ויבעט. פשוט זבל שצריך לאחסן במחנה עופר. לכל החיים. בהמה.,0,he
אני איתך,0,he
"@freezer52000 (מדויקות עם י' אחת, חבורה של עמות). התוכן זונה.",1,he
מעניין מי משלם לו משכורת? אופירחרא ובברדקו?,0,he
גיבורים אלהים ישמור אותם.,0,he
איפה אפשר לקנות קשת אוזניים של זונה?,1,he
"לא נתפס והלוואי שזה לא נכון נשמע כמו דר גקל ומיסטר הייד .לא יכולה להאמין .אם זה נכון, הוא לא ישרוד את החרפה בטח לא אחרי הטרגדיות שעבר השנה",0,he
"כסף כסף כסף על חשבון הבריאות והחיים של כולנו נתב""ג צריך להישאר סגור לטיסות תיירים",0,he
חיות אדם,0,he
"שוטר ירה בשב""ח כל הכבוד לשוטר צריך לקבל דרגה יותר גבוהה",1,he
איש מאוס,1,he
דוגמא למופת וגאווה ישראלית.. עם ישראל חי !! ורק ככה נביא את השלום! חזק ואמץ גיבורים💪🏽💥,0,he
יישר כוח זה אזרחים שווים כל הכבוד,0,he
הרסת לנו את החיים לך לךךךךך יחיידק שכמותך,1,he
מחבל !,1,he
מתי מעיפים לפח אשפה הזה,1,he
אילומינטי מסריח זה מה שאתה,0,he
בכל אופן כל הכבוד לכם,0,he
תותחחחחחח יתותחחח,0,he
יישר כוח גגבבררר,0,he
היידה בן גביר . אתה מזה חייב להיות בממשלה לסתום להם פיות במיוחד לאיש הפח.,1,he
צריך להעביר את הגועל למקום יותר טבעי עבורם עזה,1,he
נו וזה קורא לעצמו יהודי ? מישהו נתקל פעם ביצור יותר מגעיל מהנר-ומן הזה ? להקיא עליך ועל משפחתך אוכלי חזיר !,1,he
רק ביבי ביבי,0,he
לעשות טרנספר לאחמד זיבי וכל המפלגות של המחבלים האלה.,1,he
נו מה אתם מטומטמים איזו רמה רדודה זה אתם רוצים שיהיה ראש הממשלה,1,he
"למדו מילה ""זבל""בושה בושה",1,he
חחחחחח טיפש,1,he
אני לא מוכנה לקבל את המשפט שדה שמתרחש ברשתות החברתיות. זה לא ייתכן שמישהו יכתוב משהו כעובדה מוגמרת לפני שבדקו לעומק הוכחות . לכתוב בקלות מילים כאלה על איש כל כך תורם ומציל חיים שמגיע לו פרס על מה שהוא בוודאות עשה ולהפסיק לגזור את הדין על משהו שבנתיים כל עוד לא הוכח אחרת הוא פשוט לא עשה!!!!,0,he
וככה ננצח במלחמה חחחחחעד מתי יפסק הביזיון הזה רק אלוהים יודע,0,he
"אם לא אפשרי לעשות סלקציה בין מחוסנים ללא מחוסנים עם בדיקות קורונה מהירות גם לשדה התעופה, אז מה זה משנה ישראלי או תייר? לפחות הכלכלה תקבל הנשמה מיידית",0,he
טוב שלא צירפתם התנצלות בפוסט...,0,he
מנדל-בלאט... אתה כל כך הולך להיות מפוטר תוך חודש...יש משרות פנויות במקדונלדס ינעל ! 👎,1,he
נו הכי טוב,0,he
אולי הלכה לקבל טפול נפשי,1,he
"שני נוכלים,נחשי צפע",1,he
"לא תודה אל תביאו זנים חדשים ,תנו לפתוח את המשק הישראלי קיץ אחד. שיתחילו לחסן ובדיקות שיקומו תשתיות לתיירות בישראל",0,he
לך לך תישן תראה לאי הגנת לתחתית של הבור,0,he
עוד מסכן,0,he
עלוב חולה נפש ומיןלפתוח את התיק ההטרדותאיש מסכן וחף נשלח לכלאבזמן שהעבריין מסתובב חופשיכי יש את לפיד הנוכל וסגלוביץשסגרו לו את התיק בסוף תישפט,1,he
"טמבל בלי בגרות בעצמו סיפר שלא מבין בכלכלה והביטחון שילך ללמוד
",1,he
ראש ארגון פשע כל מה שכתוב אמת,0,he
כל מילה בסלע. כל הכבוד יאיר,1,he
איימן לך תעשה מקלובה במסטר שף. ביבי פירק לך את המשותפת הכונס נכסים הגאון.,0,he
@lousbestie @linpattinson בת זונה,1,he
רק ביבי,0,he
"צה""ל של היום זה כמו הג""א לפני 40 שנה ...בושה למדינה שנותנת גיבוי לערבים ובגץ מחזק אותם ...ממשלה של אנשים תת רמה .וללא כבוד וערכים למדינה..במיוחד לזה שמנהל אותה..בושה בושה לכל ה 120 אוכלי חינם בעעעעעעע על הממשלה",1,he
בפורים אני מתחפש לביבי זונה,1,he
"הפתאטיות של מתנגדי נתניהו מרקיעה שחקים.זאת גם הסיבה שבג""ץ יעשה הכל על מנת להתיר כניסה בלתי מבוקרת מנתב""ג בשם השאיפה להחמרת המגיפה והטלת האשמה, כרגיל, על נתניהו.שקופים שזה מביך.",0,he
כל מה שצייץ על החלודה הכעורה אמת לאמיתה..גנבה חובבת חברי פדופילים קשישים,1,he
גייס חמישי במיטבו..בוגד בחסות הדמוקרטיה,0,he
האיש הזה שתול .,1,he
אתה חושב שההצמדות שלך לנתניהו עושה לך טוב? גם מי שחולק את האידיאולוגיה שלך מעדיף מועמד ראוי ולא מושחת מהימין. אתה וסמוטריץ יןרים לעצמכם ברגל ויורקים על כך הימנים כשאתם נצמדים לשמאלן המושחת מבלפור.רק בגלל שקוראים לזה ליכוד לא אומר שזה ימין!,0,he
בריאות אמן,0,he
לדעתי זאת הסיבה במדינה וחתירה נגד ממשלת ישראל.. יש לעצור את יאיר לפיד ואהוד ברק ולכלוא אותם מייד.,0,he
ברור שאהבל כזה יתמוך בבן גביר ... מה חשבתם שהוא יתמוך בנלסון מנדלה,0,he
פתאום מחבל?????לא נער אולי?,0,he
פח אשפה,1,he
תגובה ראשונית של כת רק לא ביבי : לא צריך את האירופאים האלה שישארו באירופה,1,he
ממשלה של ליציינים!חייל קומנדו מפחד לראות ולנטרל את התוקפים בגלל הפחד מהשלחות...עצוב,1,he
פרצוף לפיד בדיוק כמו חזיר ולמה? כי הוא אוכל חזיר,1,he
המדינה הכי יפה במזרח התיכון.וגם ההי מחוסנת. מוטציות??? לא מדאיגות מחוסנים!!!,0,he
"מזלם שהם ""בני דודים"", אחרת מזמן הם היו מסולקים משם",1,he
"אפשר להעמיד את לפיד מול נתניהו נתניהו חכם והוא טיפש איך אפשר להעמיד בין שניהם
",1,he
אם עובר הפעם את אחוז החסימה המדינה שלנו בסכנה!!!!,0,he
חחחחח זהבה גלאון ומירב מיכאלי אין לכם מה להגיד יום האישה בושה וחרפה,1,he
"כאילו שהח""כים הערבים דאגו אי פעם לבדואים. צריך לזרוק אותם לאלתר מהכנסת ולהאשימם בביזיונה.",1,he
קוף מכוער הוא עובד בשביל הפרקליטות הזבל הזה חייב לעשות או להקים ועדת בדיקה דחוף לכל מה שקורה בפרקליטות שערוריה,1,he
אלופי עולם🇮🇱❤,0,he
וזה לא משנה איזה פרקליט יהיה,0,he
יבגי פושע באמת בבית משפט,0,he
התפקיד שלהם זה רק לזייין אותנו בלי סוף שום שרות רק לדפוק את האזרח בדוחות,1,he
"חיילים ממזרח ירושלים.. לומדים להשתמש באמל""ח..",0,he
וזה האיש שלפיד מגן עליו הבנתם !!,1,he
צדקו השופטים!!לא טרור אלא הגנה על אזרחנו. אולי מאלו היה יוצא מפגע .הקדים תרופה למכה .,0,he
ראש ארגון טרור כמו המשותפת אין הבדל,1,he
ואולי הוא לא הזמין אותה לפגישה בדובאי....,0,he
רוב האלימות בהפגנות בבלפור באות מהמשטרה!מה לעשות והבחור עם המגפון צודק,0,he
השתמשו בסמרטוט הזה לבסוף נזרק לפח אשפה,1,he
@Shanna627 כןןן אני עצוב :( בן זונה חחח,1,he
סמרטוט ריצפה של אילומינטים,0,he
"מקווה בשבילכם שאתם בטוחים במקורות ובכתבות שלכם! הוא אחד האנשים שהכי תרמו ונתנו מעצמם ומחייהם בשביל הזולת, מקווה מאוד שהשם שלו לא מוכפש לשווא",0,he
פרזיט. שחי. מכספי המדינה ללא בושה,1,he
מרוקאי מפגר שמקנא בדוד אוחנה החכם. בכל משפחה יש את הבהמה השחורה. במקרה של אוחנה יש את המלגזן החמור שרוצה פרסום על חשבון הדוד החכם אוחנה,1,he
"אמת ויציב אילן כדר היקר כל הכבוד להם השם ישמור אותם ואת כל חיילי צה""ל ומשמר הגבול וכוחות הביטחון אמן ואמן",0,he
הוא ממש על סף התקף הצווחן התורן... חחח,0,he
אשכרה המן דבליט,0,he
"בן גביר אתה אלוף.אבל ואבל גדול לדעתי אתה עושה טעות ענקית בתור טירון בפוליטיקה בתמיכה האבסולוטית שלך בנתניהו ובייחוד בליכוד.זאת טעות טקטית ממדרגה ראשונה נתניהו מרגיש ויודע כך שאתה בכיס שלו, במקום זאת צריך לתקוף את נתניהו על מגיניותו הרופסת ונטייתו לשמאל בכל המישורים.",0,he
אילנית חובשי מקווה ששלחת פרחים לרשת ראש הממשלה שאת כל כך אוהבת,0,he
יאיר גולן אם בן גביר מחבל אתה עוקר ישראל בן עמלק,1,he
טדי נהיה הבית זונות של הליגה פס לא יודעים לתת תתביישו שרמוטות של הליגה אתם,1,he
טיפשה על מלא,1,he
לך לכלא יזבלון,1,he
החלמה מהירה,0,he
אין מה לעשות כמו שאומרים פני המועדון כפני הבעלים.אוהד באר שבע מובהק בחיים לא יוכל להיות הבעלים שלנו הגיע הזמן להתאחד כולנו ולהעיף את החולה פרסום הזה מקרבנו,0,he
רק הבחירות הצילו את התוכנית הרדודה הזאת 🤮🤮🤮,0,he
לגרש אותם מהכנסת מבזים את הכנסת הם טרוריסטים!,1,he
מי יטריד מינית מכוערת ומגעילה כזו 🤮🤮 יאיר צריך אותה ...?? חחחחח,1,he
ירושלים לא תרד תפייייי כוס אמא שלכם עגלות של כסף יאללה כל השכירי חרב הבייתה ומהר,1,he
בני זנות רגבים,1,he
@JohnRon07981683 איך זה זונה? לחשוף מרפק?,1,he
דומה להמיולין מהמומינים ימח שימך,1,he
להעיף את המחבל הזה מהכנסת!!,1,he
"איף מה כואב לכם הכוס, בני מיעוט שגרים בפחונים במדבר, תנו להם לחיות בשקט",0,he
למה לא דברו עד עכשיו ?,0,he
זה לא המדינה זה הפרקליטים השמלנים.יש לבדוק מי מאשר את התשובות בפרקליטות ולהגיש קובלנה משפטית נגד.,0,he
שורף לו.,0,he
אם אלו ערביי ישראל זה חמור ביותר,1,he
שום דבר לא יחזיר את האלפים שמתו בגלל החלטות פוליטיות אינטרסנטיות של ביבי.,0,he
אולי רוצה שיעזרו לה לכסות את החוב,0,he
"איפה השנים הינו מקבלים 4 אבל גאים בקבוצה, אין רגש אין כלום. הרסתם אותנו",0,he
"ראו מו שמדבר , הלץ הזה , אני ואני ואני ...לא יעזור לך רק ביבי 🤮",1,he
תשנה דיסק,0,he
חחחחח בחיים יאיר לפיד לא היה משכנע כל כך.,0,he
בושה אפלו אילנה דיין לא עזרה אני מתביישת באדם כזה שהוא נציג בכנסת וחברות הכנסת אתומות ולא עושות דבר לומר לךלךלךלךהביתה,1,he
"איימן קח לך ""בילבל"" חריף ושב עליו",1,he
מרגישים שחסר לכם אנרגיה ופוקוס במהלך היום?😴במיוחד בשבילכם משקה אנרגיה בריא המבוסס על צמחים ופירות 🍃🍓✅נותן אנרגיה לזמן ממושך.🤩✅מעלה את הפוקוס והריכוז🤓✅מעצים פעילות ספורטיבית 💪✅מצויין לסטודנטים🤗✅מסייע למערכת החיסון 🍇,0,he
צריך לשבור להם את העצמאות לא צריך לפחד מהם ולא מהמשטרה ולא מבית המשפט,1,he
"תצעקקק, אתה תהיה בשקט פה תקשיב לי טוב, תקשיב לי טוב יבן זונה אתה והחבר שלך, אתה יודע מה אני עושה לכם?? שב בשקט רגע יא ילד מפגר תקשיבבב, אמא שלך זונה אמא שלך זונה תקשיב טוב, אדון מיינסטרים היקר, השעה 12 ורבע בבוקר, הדבר שאני מציע לך לעשות, אני יתן לך אחי מצלמה, לך תעשה דשא בסקופ,",1,he
"ישראל תהפוך למדגרה מטורפת, ברומניה הודיעו על כניסה רק בבדיקה, בעוד שישראל מנדה את אזרחיה מאיפה שהתיירים כן יוכלו להסתובב יחד עם כל המחוסנים.... איפה נשמע הדבר??",0,he
נראה בקרוב מי שקוע במישפטים על 4000000 שח במירמה,0,he
הנעל הזה לא מפסיק להקיא שטויות,1,he
חולה נפש בגן,1,he
יעקב ברוך זה אתה ?!?!,0,he
למה היה בניווט כיחיד ולא בזוג בימים טרופים כאלו?!!!עד מתי יימשך הטימטום????,0,he
אתה לא מבין שלך אין את ההילה ואהבה שיש לאדונך ביבי.אגב חבל שאתה לא קשוב למה שאומר עליך גדעון לוי.🤑🤑🤑,0,he
אלוף!!!,0,he
"גנץ הוא ראש הממשלה התחליפי,, כשה מדובר בתחליפי ולא באורגנל הזבל צף...",1,he
"בוגד ומניאק.מזל שלו
שהוא לא גר ברוסיה
פוטין היה מכניס את הבוגד לכלא במיקרה
הטוב.",1,he
נראה כאילו הצלמים שרצים בניהם הביאו אותם מעזה,1,he
בת של זונה ואמא שלזונה,1,he
הם לא יהודים איך אתה מפרגן?,1,he
ללפיד מתאים תוכנית בידור כמו שהיה לנהל מדינה זה לא בדיחה אחי,0,he
"אה שזה יהודי רושמים ""מחבל"" ?",0,he
"घंटी क्या बजाओगे तुम ,,तुमारी घण्टी खुद बजा रहे है पाकिस्तान वाले केवल तुम हल्ला करो बयान दो बस और इसी तरह रोज भारत माता के लाल को श्रद्धांजलि दो,,शर्म करो या तो कश्मीर पाकिस्तान को दे दो या तुम दोगले राजनेता चुप रहो सबकुछ सेना के हवाले करो ,,मेरे जवान एक महिने मे पुराने नक्सलवाद पुरा काश्मीर से आतंकवाद वाद और सेना पे हमला हमेशा के लिए बन्द हो जाऐगा,केवल एक बार  आदेश करो,,",1,hin
bjp ko vidhansabha election me support karne ka inaam mil raha hai,0,hin
"दिल्ली विधानसभा चुनाव में अभूतपूर्व जीत के बाद, रामलीला मैदान को शनिवार को होने वाले शपथ समारोह के लिेए तैयार किया जा रहा है। इस तैयारी में दिल्ली पुलिस से लेकर एमसीडी और पार्टी कार्यकर्ता सभी तैयारियों में जुट गए हैं। http://khabar.ndtv.com/news/assembly-polls-2015/ramlila-maidan-is-getting-prepared-for-the-oath-taking-ceremony-738777",0,hin
Request hai sab se BJP ko vote mat Dena. AAP government ne bhaut acha kaam Kiya hai.,0,hin
Bhonsdi k ye v bata de tu #Deshbakti party kb join kr rha hai,1,hin
ममता बनर्जी रण्डी छिनाल कुतिया मै ने आज तक नही देखि साली हिन्दुओ की कातिल,1,hin
सादे कागज पर घोषणा पत्र देकर भी अब खुल सकेगा बैंक खाता। पढ़ें खबर... http://goo.gl/ULXrMl,0,hin
"bilkul bhaiji aisa hi desh hai yha sbke liye jgah hai jo acchai aur bhlai se jeena chahta hai, ye toh bus kuch log hme batne ki koshish kr rhe hai...",0,hin
Ye to ...Chani se sona hai to JAAG JAO ...style voice  hai :),0,hin
श्रीलंकाई क्रिकेट टीम पर 2009 में लाहौर में हुए हमले का मुख्य षड्यंत्रकर्ता पाकिस्तानी आतंकवादी अफगानिस्तान सीमा पर अफगान और अमेरिकी सेना के संयुक्त अभियान में मारा गया.,0,hin
Tumhare Piche Itna Sara Hogi aur Modi bapure Kuch Toh daal Mein Kaala hai,1,hin
Bihari ko Gali dena Bhajpai ke DNA me hai ? yah bat kisiko nahi samajh aata ho to itihas utha kar dekh lo ? Bhajpa ka itihas purana hai Bihari se Vote lene ke bad sirf bad me Galli hi deta hai ?,1,hin
nearu lazmaya beni choti loti loti,0,hin
Wrost DLS MATHOD  . Ran kam kiya!!!  Over kam kiya!!!  Tho phir wicket kam kyun nahi kiya?????,0,hin
इंटरनेशनल एजेंडा आज रात 7.30 बजे नग़मा सहर के साथ एनडीटीवी इंडिया पर http://t.co/YH7IwbYg36,0,hin
Galat kya bole sahi hai bachchho ka school time me mobile use ban sahi hai.aap dilwado apne gharo me fir dekho result kya hota.,0,hin
Digitalize...hota hai.Bhai..spelling to sahi likh...Teri degree to sahi hai na???,1,hin
👍😃😄ekdam thik kaha gurnam ... yeh log khamokha logon ko gumrah korte hai ..afvaiy failate hai ... pata nahi inko kyo maza ata hai ...,1,hin
"मेरठ के किसी कर्नल साब के घर से 140 हथियार, पचास हज़ार कारतूस , हिरण के कई दर्जन सर,तेंदुए की खाल, 150 किलो  प्रतिबंधित मांस  और एक करोड़ नगद बरामद हुआ l   ऐसे थोड़े ही पाकिस्तानी आतंकी भारत में घुस आते हैं या नक्सलियों के पास हथियार पहुँच जाते हैं  कर्नल साहब जन्मजात देशभक्त वाले धर्म से हैं",1,hin
रवीश की रिपोर्ट : मुस्तफा का मोदी कुर्ता  http://t.co/78aMSW7cPO http://t.co/611jnIT517,0,hin
Mai Hindu hu Muslim mera bhai hai Christian mera bhai hai sikh mera bhai hai hum sbko ek hona hai mere pyare bhaiyo humko apne hi Ghr. Mai koi Jhgda nhi krna Meri yhi yhi khwahish hai Agar muslim sikh Hindu Christian sb k Ghr mai prblm hai toh sb ek sath ho kr solve kr kre ye Ladai jhagdee mai beksur Hindu muslim sikh christian maare Gye bache anath hogye Ghr brbaad hogye,0,hin
Vishal Sharma raghu ram rajan sir ka twitter account check karo mere bhai,0,hin
Adhish Sakargaye mere bhai kab tak bas aarop hi lagaegi bjp aur uske bhakt??? Ab to sarkar bjp ki cbi police ib ed sab bjp ke pass to ab doshiyo ka dosh sabit karo aur sab corrupt congressi netao ko jail bhejo par nhi. BJP ko bas aarop aarop khelna hai aur janta ke saamne jumle maarne hai,1,hin
"Ara dikhaye gha modi ji apna 56inch ka seena agle election mein  ,#feku baba",1,hin
hahhaah kya fekta hai yaar,0,hin
"Ek Din Islam aayega.  Insha Allah, Insha Allah",0,hin
अरे अभी भी समय हैं   जनता को मूर्ख समझना छोड़ दे,1,hin
Jai shree Ram .Ram rajya ho ea hamara wishes hai. Jai modi jai bharat,0,hin
In saale netaoo ko apne apne chair ki fikr hai.. saalo... DUBB MARO TUM LOG...,1,hin
"#RIP_Soldiers Magar humne Suna tha #demonitisation (Notbandi) ne #Atankwad or #Naksalwad ki Qamar todh di hai... Aur ek Baar humne ye bhi Suna tha ki "" #Love_Letter likhna band krna chahiye or #Pak Ko uski #zaban me samjhana chahiye...!!😡😡",1,hin
Hume aap par vishwas hai,0,hin
me bus ek chej chata hoo modi aur yogi ji se weh pakistan aur bangladesh se sabhi hinduo ko le aaye.,0,hin
मीडिया बिकाऊँ है झूठ बोल रही है कुछ नही हुआ मोदी भगत है,1,hin
Aaj tak Allahabad bhi aa lo,0,hin
Kya karna chahte hai ye lo,0,hin
Ab kiska wait Hai karo Jo karna Hai prob solve karo mager karoge kaise ankho par to bhakti ka chashma laga hua hai,1,hin
Shayad hahi ek rasta hai .dog squod bana ni chahiye. Patthar fekne walo pe kutte chod ne chhiye.,1,hin
Bas chalta ho ye. Many claim bt hota nhi. Also this. My father currently uses a tiffin which can be plugged to heat food in 10-15 minutes. Tough to beat this in terms of cost.,1,hin
Nahi sir naya bihar sri nitish k  ka hai,0,hin
ana bata vote manga gad mai duga  vote.,1,hin
Inkay upper sena ke madad se bomb aur mesile   kyu nahi gera tay.....indian commondo in ki maa behen ek kar de gay...,1,hin
Is gadhe ke gand main itna bambu dalo sala marhi jaye,1,hin
"Kiyun ki Kashmir me kuch ktarpanth hi Jo India ke ehasaan bhul jate hai, samjhe Devendra Singh",1,hin
Kuch aur dino ki baat hai jis tarah se kashmiri aawam ko mara ja raha hai or militry ko badhaya ja raha hai kashmir ek militry state ban kar reh jaayega 🚷,0,hin
Waah kya baat Kahi hai Apne Lekin in baato par Amal krne Wale Kam hai,0,hin
"महाराष्ट्र के सीएम देवेंद्र फडणवीस ने मंत्रियों के विभागों का बंटवारा किया, एकनाथ खड़से को कृषि, राजस्व का जिम्मा",0,hin
Ye Delhi ki janta ki jeet Hain ek Bharat shestra Bharat ab ye bjp ki zimedari hain ki delhi ka vikas kare,0,hin
modiji sub acha kar rahe ha kishan bhaio ka liya bi kuch kariya,0,hin
Maruti More bhai wo kashmiri hai wo gaddar hai me naksali aur kashmiri me koi antar nhi samjhta...jo galat krta hai usko saza milni chahiye...fir wo kisi bhi kaum ka ho,1,hin
"Connect to Digital India अब RS 15000-50000/महीना कमायें. 100% Free कंपनी गवर्नमेंट से register Hai और   कम्पनी आपको हर माह आपके बैंक एकाउंट मे रूपया देगी... बस   आप इस whatsApp no. +918291050056  पर ""JOIN"" लिख कर send कीजिए.",0,hin
नक्सल को ही ना रोक सकेते तो दबंगो को कोण रोकेगा,1,hin
धुआं धुआं कर देंगे दुश्मन के मुल्क को बस दो घंटे मंजूरी हमें देदे सरकार।  🇮🇳💪🏼⚔🇮🇳,1,hin
कांग्रेस के वरिष्ठ नेता पी चिदंबरम ने रविवार को कहा कि संगठनात्मक ढांचे के मामले में उनकी पार्टी का भाजपा-आरएसएस से कोई मेल नहीं है.,0,hin
बजरंगी भाईजान' ये क्या आपने तो 'असली चांद नवाब' का सब कुछ कॉपी-पेस्ट कर लिया... #BajrangiBhaijaan,0,hin
Ise bhi Mental Asilam bhejdena chahiye.Wahan iske layak shrota bhi miljayenge aur ise jutiyanewale bhi.,1,hin
Par bhakt kehrahe hai k modi ji ko mila  Fadnavis ne toh twitter par wish bhi kardiya modi ji ko,0,hin
अपना ही पैसा क्या है भाई? इसी तरह की बातें सब सोचने लगे तो कोई टैक्स ही न दे।,0,hin
Mera desh badal raha hai,0,hin
"Bas laisanc rad  kar do  or koe    aarmy  parivar  ko  dedo,,,,",1,hin
@ShekharGupta के साथ चलते-चलते में रात 9.30 देखिए #Flipkart के संस्थापकों से खास बातचीत... khabar.ndtv.com/video/show/chalte-chalte/walk-the-talk-with-flipkarts-founders-362311,0,hin
Habib HR... Tumhari konsi missile... Nuclear power ke Naam pe nuclear bomb ka formula churaane waale... Tere scientists ban hue the or Jo gaali tu bakk Raha he wo bhi unhone khud khai or tere desh Ko khilai. Wese bhi tere yaha konsa Google sachh Bata hoga.... Wo bhi China ka duplicate hoga..,1,hin
Bhagwan sir ki atma ko shanti pradan kare,0,hin
Bus ab kuch din or .... Ache din a gae...,0,hin
रामचँद्र कह गए सिया से...भारत मेँ ऐसा गदर्भराज आएगा...एक गधा दिल्ली बैठेगा....एक यूपी मेँ राज चलाएगा...जुमलोँ से फिर देश चलेगा....अँधोँ मेँ काना राजा कहलाएगा,1,hin
"#IPL10 में Gautam Gambhir, Suresh Raina और Robin Uthappa शानदार फॉर्म में हैं.  #ChampionsTrophy में इनमें से किस प्लेयर को मौका मिलना चाहिए?",0,hin
bjp me shamil ho ja  bjp me kuchh banega,1,hin
Internal problems kafi hai ..... Sena ko toda  jyada choot dena chaiye,0,hin
Mera roommate tatti rok के baitha h... Bola bike dekh k jaunga,0,hin
pata nhi aage aur kya kya hoga....,0,hin
Cande sarkar KO bhumat ki mjbut sarkar hy khud fysla leti hy ab kiu bhgrheho?,1,hin
Sahi kiya hai ae loteere ke like Sarkar kya kadam uthati hai dekhte hain,1,hin
Sir ab dekha nahi jatA.  Main majaak nahi kar raha sir. Main ek  achchha  planner hoon.  But mere pass koi proper channel nahi hai govt ko approach karne ke liye.  Plz meri baat govt tak pahuncha dijiye.  Main inka kaam bahut easy kar doonga.,1,hin
"कहा है खुजली, आपके पिछवाड़े में??",1,hin
Tum logo ko tumhari maa bhain ki chinta Nahi hai,1,hin
"Yhi plot hai batman ka, bruce wayne opera sai bor hoke jayega ab",0,hin
मोदी जी बहुत भुगत चुके। कोई लोटा दे हमारे बीते हुए दिन,1,hin
कोलकाता के नजदीक 23 साल के एक छात्र को मौत के घाट उतारने वाली भीड़ का नेतृत्व करने के आरोप में तृणमूल कांग्रेस के नेता तापस मलिक को गिरफ्तार किया गया है। इस छात्र पर एक भैंस…,0,hin
Bhai 272 seet hi total😁😁,0,hin
शिवपाल यादव को वापस लेने का फैसला मुख्यमंत्री करेंगे : प्रेस कॉन्फ्रेंस में बोले मुलायम सिंह यादव,0,hin
Lagta hai churan chaap bhakt ne ghar wapasi karke naam Syed Hussain rakh liya hai.,1,hin
Sarhad par dehshatgardon ka qabza hai....desh pe jhuthe hamdardon ka qabzaa hai...1 ke badle 100 sir ki ummmeed na rakh..delhi tujh pe naamardon ka qabzaa hai,1,hin
bilkul  sahi  bat,0,hin
Indian media ko dunia me sabse ganda media mana jata h.....bhaiyo bharosa kro to sirf sena ki declaration  par,1,hin
drama hey isko famous karne ka.,1,hin
"Mitro, aaj raat, 12 baje ke baad, koi dosri bike nahi, chalagi, sirf Bajaj DOMINAR chalagi.",0,hin
Bhai..kamal kr  diya..ab ye Bali bahu  kya hai...saas Bahu ka daily soap..,0,hin
अच्छा फैसला...दोनों को लाभ मिलेगा।,0,hin
राष्ट्रीय जनता दल (आरजेडी) के अध्यक्ष लालू प्रसाद ने राष्ट्रीय स्वयंसेवक संघ (आरएसएस) की वर्दी बदले जाने के मामले में दिलचस्प टिप्पणी करते हुए इसे अपनी पत्‍नी और बिहार की पूर्व मुख्यमंत्री…,0,hin
"JOB JOB JOB →मोबाइल से 10000-50000 रूपए..  →प्रति महीनें कमायें बिल्कुल फ्री, तो →Play Store से *Champ Cash* →App को डाउनलोड करके अपना →रजिस्ट्रेशन करें। →Referal ID मांगने *14606214डालें.* --> 7 से 8 app डाउनलोड करके 2 मिनिट तक खोलें. -->जोइनिंग करते ही 62 ₹ मिलेंगे.",0,hin
600 rs me to aajkal tumhari chu*ai v nahi karega aunty,1,hin
Bhaiya ek photo bhaiya ek photo. Mume lelo mera moto,0,hin
🚲 launch ho gye hai yeh cnbc wale repeat telecast show rhy hai,0,hin
Mitti me he milne ki aukaat hai ...tumlogo ki ..khazaane to kharch kar diye jaate hai ...kachre me he kamal khilte hai,0,hin
Modi ji aap ki party jab Virodh me thi to us waqt aapne aisa koi nirnay kyo nahi liya ...? Jo boya woh kaat rahe hei aap log ...!,1,hin
Indian govt.ko sirf xpert k saath discussion karna hai oar kuch b nahi ....jin ki jan gayi wo gayi ...samjh nahi aati k aakhir kab tak ye sab qurbaneya daini hogi....kyo nahi india pak per war karta ....,0,hin
Q ki AAP se fat ke haat me aa gayyii hai sabhi choro kiii...,1,hin
Us raat tere papa k jageh mera sperm gya tha use of technology  Aur tere papa ko pta v na chala 😂😂😂 Chutiya,1,hin
सीआरपीएफ के करीब 2000 अतिरिक्त जवान हिंसा प्रभावित कश्मीर घाटी भेजे जा रहे हैं। अधिकारियों ने कहा कि कुल 20 और कंपनियां घाटी में भेजी जा रही हैं...,0,hin
bhai hm list de kya duniya me sb se zaada terrorist kaun hai,1,hin
Hellow gays! Ma na bhhht sa rap song likha hua hain.. i am from azad kashmir.. ma ksi singr ko b ni janta ka us sa rabta kar ka maloomat hasil krun ka ma apna ganu ko ksa show kar sakta hun..?? Any body can  help me..????,0,hin
Pan me date of birth galat de kar card veg diya hai...kya karun ?,0,hin
Shut at side order ki jiya sir Government kiya kar rahe hain aisa to Hamare sab Jawan Sahid ho jeyanga,1,hin
Police station main bhrashtachaar bahut hi is ko roko modiji,0,hin
Aakash Aggarwal. Dekha hai kya? Bahut mast,0,hin
"“गाय को पवित्र माने जाने से पहले गाय को मारा जाता था. उन्होंने हिन्दू धर्मशास्त्रों के विख्यात विद्वान पीवी काणे का हवाला दिया. काणे ने लिखा है, ऐसा नहीं है कि वैदिक काल में गाय पवित्र नहीं थी, लेकिन उसकी पवित्रता के कारण ही बाजसनेई संहिता में कहा गया कि गोमांस को खाया जाना चाहिए.” (मराठी में धर्म शास्त्र विचार, पृष्ठ-180). ”",0,hin
अरे ललुआ बरनोल माँगता क्या?,1,hin
आने वाले कई हजारो वर्षो में इतिहास का एक ही नायक होगा.......वो है नरेंद्र मोदी... लिखकर रख दो।,0,hin
कटप्पा ने बाहुबली को भल्लाल देव के षड़यंत्र में आकर शिवगामी देवी के कहने पर मारा।  अब जाओ बाहुबली देखने।😂,0,hin
Kuchh logo ko passnd nahi ki Pak ka bura ho sale khate kahan ki hai gate Pak ki hai  m.c.b.c,1,hin
Ye niyam kisne banaya loud speeker ka...? Kya kuran me iska jikr hai ???,0,hin
"शिकायत ""मौत"" से नहीं ... ""अपनों"" से थी मुझे....!!!  जरा सी आँख बंद क्या हुई .... वो कब्र खोदने लगे...!!!",0,hin
Solve jaldi nh bh horha na to gandmarane.... bdawa bhe mt do Aur jo hathi mast chalrha haina use inform kr do chintiya bhe tyar hai hathi ko sulane,1,hin
"पाक के खिलाफ शतक ठोकने के बाद विराट कोहली (107 रन, 126 गेंद) बने सोहैल खान का शिकार http://khabar.ndtv.com/leaf/cricket-scorecard/filename/inpk02152015173982 … #JeetoIndiaJeeto #IndvsPak",0,hin
"Jiska leader khud Rahul Gandhi ho, uske thoughts to zahir si baat hai ki aise ghatiya hi honge...",1,hin
Jai hind bharat mata me vir sapooto ko shat shat naman,0,hin
जन्मदिन की बहुत-बहुत बधाईयां एंव शुभकामनाऐं,0,hin
मैडम कुछ केन्द्र सरकार के बारे में भी.....,0,hin
"बहुत अच्छा किया अन्ना जी , ""आप"" ज्वाइन करना जीवन की सबसे बड़ी गलती है,केजरीवाल के साथ साथ आपका भी नाम ख़राब हो जाता ।",0,hin
शिवसेना ने केंद्र सरकार के नरम रुख की भी आलोचना की और एनडीए सरकार का पुतला भी फूंका #shivsena,0,hin
Jis video ne Ander se hila diya uske liye maafi mangne ka dabav Kyu .....,1,hin
Sirf do k sab k saatg aisa hi ho ga,1,hin
न्यूज़ रूम में योगी की तस्वीरें गवाह हे ये दलाल मीडिया हे bjp की,1,hin
Saif Ali yeh bhi lo,0,hin
Maro mc sab congresiya ko Jutta chappal laat sara kuch,1,hin
Sir arvind kejriwal ko bolo k vo istifa de or fir ballet paper se vidhan sabha election kara le agar unhe itna hi confidence hai to,1,hin
Kutto ka .maloom nhi naag ka suna tha,0,hin
Post tabah huyi achhi bat hai par kitne kutton ko mara hai ye bhi batao 2ke badle kam se kam 100 ko marke ana,1,hin
गधा है यह नेता बिगड़े बोल नही बोलने चाहिये बल्कि जुते मारकर दिखाना चाहिये कि कांग्रेसीयो तुम सुवरो की यही औकात है😠,1,hin
Ab to pappu hi is desh ki samasya ko suljha sakta hai. Modi to fail ho gaya 😁😁😁,1,hin
"Dominar launch kar rahe hai ya ., Indian idol ka audition kar rahe hai ?",0,hin
"देखें लाइव : पाकिस्तान के पेशावर में आर्मी स्कूल पर हमला, 11 बच्चों समेत 12 की मौत - http://t.co/eLmK8Mt7og",0,hin
कुत्ते को उसी की भाषा मे जबाब देना जरूरी है और वो अभी,1,hin
EVM machine ki jach honi chaiye,0,hin
Galt kaha bolo gand pe goli marni chahiye in sub ki ..ya napunsak kar dena chahiye in sb ko,1,hin
Patanjali Toh India Ki compony Hai... Us Pe b masjido Se faatve Aa gay.... Tumri muh Se China Ki hi spot k Baat nikle GI.....,1,hin
Sudhir Bhagat Sudhir Bhagat Kaha Kot Oh Randi Khana Yu Ja Hum Kot Khud Hai,1,hin
Aaa gaye bhaut achha din.bhaji wala ko v aab cash transaction karna hoga.,1,hin
Mubarak Khan Mai ahmedabad ka hu.. Aawo toh ramzan baad aana.. Msg kr DenA.,0,hin
Gand fati to Kiya bola dabar ka hajmola. Bolo Bharat mata ki jaaaaaaay,1,hin
E log apni relio k liye jubrjast securty kar te hai or ya ha pe javan sahid ho rhe..,1,hin
Bhai yeh kya.music hai.....yeh to kisi dawai ka launch lag raha hai,0,hin
bhai ye sab hone par thoda time lagega...........,0,hin
Tum toh  beef ke chakkar mein he mare ja rahe ho .,1,hin
Tab anna desh ka pahla cm hoga jo lete lete kaam karega,0,hin
"चोरी , बेईमानी , भृष्टाचार , दमन , आदिकाल से हैं , और अनन्त काल तक रहेंगे ।  ये कभी ख़त्म नहीं होते , बल्कि ट्रान्सफ़र होते हैं , एक कमज़ोर से शक्तिशाली की तरफ़ ।",1,hin
कॉकटेल की डायना याद है आपको..,0,hin
Isko border aur Kashmir me le jaa k haatho  me Gun Pakdaa k un Terrorist k Saamne khada kar do...Fir dekho kya bolta he Yeh Paagal...,1,hin
Sale kuch gaddar yaha b h jaise kasmiri atnkwadi wagarah wagarah bahut s h...,1,hin
Jaane bhai inka owner bhi bahar hi hai ha ha ha,1,hin
Jasodaben ko Akbar Owaisi sahab se shadi kar leni chahiye,1,hin
юк эймим),0,tt
"өстәвенә, пидор да урын алды, беркемнән дә калышмыйсың..",1,tt
"Мин үзем мәсәлән шулай итәм, әле бер марҗаның да, яки урысның да үпкәләгәнен күргәнем юк, киресенчә авызларын гына ерып торалар)).",1,tt
"хәйрия фонды җитәкчесе, волонтер екатерина Воробьева коронавируска каршы көрәш өчен акча җыюны ачты.",0,tt
пиндосларның күтен ялар өчен нинди пычрак булырга кирәк?,1,tt
"бәйрәм белән кадерлеләр, баш өстендә чиста күк, бөтен җир йөзендә тынычлык.",0,tt
Кызларга яланымаска ялынсан кызлар эйтэлэр эй бу тегэлэй итте болай ите дип нахуй ялынмагыз бер кайчанда китсэ китсен значит ул синеке тугел табырсын эле дахуя ич алар беткэн мени эле аннан сон 30-40 белэн танышкан иле секкэн минемчэ ялынмаска👎,1,tt
"Учак яна...сихерләнгән кебек,",0,tt
бу гарипләрне үзләре өйдән чыгарып ташларга кирәк.,1,tt
" юк,алла сакласын диген,жен секкэн дивана блэт 😜",1,tt
Баргач аларны сегэлэр ди👌👈,1,tt
"кызлар, ә мин һәрвакыт җиләк-җимеш серкәсе белән тозлау ясый идем миңа ул тозлауда йомшаграк тоела",0,tt
ә чынлыкта берет төсе - иң мөһиме түгел.,0,tt
исерек говно бу десантчылар түгел.,1,tt
"Тик әнкәйдә дә әнисе язмышы - ир кайтмый,командирының кызы -марҗага өйләнеп,хезмәт иткән шәһәрендә кала.Кайнана белән аны көтеп 3 ел яши әле әнкәй.Аннан соң инде әбекәй аларны үзенә алып кайта.",1,tt
"колбаса ашыйсыз, эллэ Анда итнен самый заебисеннэн фарш ясап яталар",1,tt
зөбәрҗәт шәһәре турындагы идея шәп,0,tt
"Хабаровскидан хуйга куыгыз аны, байларча чуалып йөргән баринны,фургалны кире кайтарсыннар,яисә властьны үз кулыгызга алыгыз,ә теге хуитятинны пычрак себерке белән куыгыз!!",1,tt
"чыга да алмый, кычкыра тышта без йокламыйбыз.",0,tt
"пидор син тишек, хуйга бар, проффесияне хур итмә.",1,tt
өч кечкенә уебка яки акылсыз тавык.👎👎👎,1,tt
хуйня га эйлэндереп бетерделэр группаны,1,tt
"ахах,кон саен кукэй ашап булмас индэ...:DDи не кукэй,а йомыркаа..:DDDD",0,tt
"без матди яки рухи яктан бик ярлы яки безне барысы да канәгатьләндерә һәм без Грудининның шундый начар булуына ышанабыз, ул шундый Начар совхоз төзегән һәм гадел суд карары нигезендә җәза алырга тиеш.",0,tt
50 сум остэлэ элеке бэягэ чонки бэйрэм вакытына гына! Хэм такси юк ул конне !,0,tt
"Кызлар нэрсэ булсада егетлэрне гаеплилэр, э гаепне кешедэн тугел узеннэн езлэргэ кирэк!!!",0,tt
"акшта бпаннар кубэеп бара,пиздец бит бу придурок жыен",1,tt
Сиринэ дип языгыз элле пожалуйста!!!,0,tt
"барысы да белсеннәр, син бит моңа педераст лизун Ирэн толстая жопа ирешкән идең))))))))",1,tt
танышлар Камчаткадан Новосибирскига кадәр 4 августта очалар.,0,tt
юмор һәм үткенлек шуннан...иртә китте,0,tt
Сабыйлар дигэн була. Бер кутак башы ускэн бит.,1,tt
"би, кадерлем, шулкадәр яшә әле, сәламәтлегең нык.",0,tt
"Җитәр инде, ""Пятилетка"" планын үтәдем!",0,tt
Йорегемдэ тик син генэ яшисен!!!!),0,tt
сез Христос жиж белән хуйга киттегез.,1,tt
"аны сакларга кирәк, класс куймагыз, админ, кәнтәй, кәнтәй кистерә, тварь",1,tt
"анда кешеләр дә шулай Яши бит, ә бездә, седрисни фикеренчә, сыер бар.",1,tt
Мескен Ике суздэ эйтэ алмый калды кутенэ типтелэр😄,1,tt
"камералы йөз ахмак та бар, берәр хуйняны төшерәсе иде.",1,tt
"чокырга рэсем,бик матур рэсеееем,мдааааа...сау булыгыз арчалылар,блять",1,tt
минем үрнәк 40 рәткә 24п килеп чыкты.,0,tt
минем беренче укытучым Сидорова-ермакова Нина степановна,0,tt
"якынча 4 кг бар , селивановка алырга мөмкин.",0,tt
продукты коннэн кон арта!ботен яшлэр ипотек алып эти энилэре бн улганче тули(((Э син Германи иленэ Барып кара- анда кешрларне хормэт итеп яшилэр,0,tt
"пидор ул Президент түгел, ә беткән пидор",1,tt
пидарлар һәм фахишәләр сифилис җыялар..һәм бөтен пычракны Мәскәүгә алып баралар ..,1,tt
"Высоцкий, иң яхшы җырлар ничек булырга мөмкин?",0,tt
"минемчә, бик аз эчә.ә ничек итеп нәрсә эшләргә икәнен күз алдына да китерә алмыйм.суга сөт тә, чиста ачыткы да, сыворотка да салдым, эчми һәм бетте.",0,tt
Группага Урыслар белән маржалар кереп тулса татарларга урын калмаудан куркам(,1,tt
"барысы да гади кешеләрне,гондоннарны ашатырга тели",1,tt
"зур контейнер чыгарылган , ә ике кара контейнер шыгрым тулы, контейнер янындагы территория бик пычрак .",0,tt
"әгәр бер капчык каклаган ризыгым булса, сездән башка да хәзерләрмен, ярый, гадирәк, әмма тәмлерәк берәр нәрсә табармын.",0,tt
"килешәм , ниндидер ахмак эч пошудан саташу язып куйганмы яки ул бодунныкымы",1,tt
"йормэсен иде долбаеб белэн, монда язып какой толк инде аны:D",1,tt
"бер бака булдын инде,блэт!)",1,tt
тимэ чыпчыкны!,0,tt
Хәтта дуңгыз чәлгәндә.,0,tt
И кутагым кутагым...))),1,tt
"яхшы!)ләкин кайбер кызларга да бит бай егетләр кирәкми,мәсәлән:мина:)бөтен кызларны бер дип әйтү дөрес түгел!!)",0,tt
син мисез Ничек яшисең?күсәк!,1,tt
"яңа дәрәҗәләр юк, кызганыч, әмма уенны бетерергә туры киләчәк.миңа 1091 дәрәҗә кирәк.",0,tt
"ә сез хәзер абсолют монархияне кайда күрдегез,әгәр берәр Африка кабиләсендә генә булса.",0,tt
"?мин сиңа тагын бер тапкыр ахмак әйтәм, смельчук өч ел элек Белоруссиядә үлгән, бу сиңа аңлашылдымы ?",1,tt
Тагын бер талант иясенең кулына себерке тоттырганнар...( Урам себерүче асфальтка себерке белән ясаган сурәт).,0,tt
сез анда барысы да англасаксков маиданнан соң долбаеблар булдыгыз.,1,tt
"""насрать"" икән, күтеңне бөтен җиргә тыгып йөрмә",1,tt
"ну,егетлэр,сак булыгыз!",0,tt
"фото да, күрәсең, тотылган балыкның бер өлеше генә, калганын инде кая кирәклеген билгеләгәннәр.",0,tt
"кем көчлерәк , шуны күбрәк хөрмәт итәләр",0,tt
"димәк, чыннан да яхшы массажер бит Мәчеләр һәрвакыт иң яхшысын сайлый.",0,tt
"зыян китермәделәр, ботакларны сындырмадылар, моны эшләргә ярамаганын аңладылар.",0,tt
"Дорес тугел, татар теле ин якын тел! Ул хэрвакытта да беренче урында булырга тиеш!!!",0,tt
"ул бу эштә, ахмакны биләренә сава, һәм процесстан соң болай гына әйтә, - ну, шапылдатмады!",1,tt
пи менә пидораслар исә ничек спиздят һичшиксез аюны рәсемгә төшерәчәкләр,1,tt
без чаралар күрү өчен фамилия буенча рәхим итегез.,0,tt
мин русакларның ахмаклар икәнен белә идем... сүз юк.,1,tt
сезнең карамагындагыларга тамга белән 500 сум күчердем.,0,tt
барлык илләрдә циркларны законнар белән тыярга кирәк.,0,tt
Синен кутак эшен бармы минем хэлдэ врач чтоли😂😂шутка😜алда чэчэк артта гол😉😆,1,tt
"рапан сузен беренче ишетэм,-нэрсэне ан,лата икэн ул?",0,tt
"һәм нигә шуны күрсәтергә, сине күралмасыннар иде, батырлык кылдым.",0,tt
Бу машина хатын кызданда куп сорый бер айда ботенесе тералде май алыштыр тэгэрмэч ал страховка йоргэн кыз нихуя анламый(((,1,tt
"маразм ныгый-ахмаклар...үлем бар, ә бу кешеләр сөяк өстендә биергә әзер...алкаша белән норкушаны яклыйлар",1,tt
мин сине дип эйттем чтоль?:DDэх сиин..:D,0,tt
"Үзенең серен сакламыйча, икенче бер кемсәгә сөйләп: ""Сиңа гына әйттем, зинһар кешегә сөйләмә!.. "" дигән кеше дөньяда булган ике ахмакның берсе булыр. Чөнки үз сере булган хәлдә сакларга кодрәте җитешә алмый сөйләгәч, сөйләнемеш кешенең моны сакларга ничек көче җитсен?!...",1,tt
"Кызлар, альбомнарга кертелгән киемсез фотоларыгыз бетерелеп барачак! Ачуланмагыз да, үпкәләмәгез дә! ",0,tt
августта өшегән долбоеблар барысын да җыйдылар.,1,tt
буген 40 мин эчендэ 48 шт окунь тоттым=) тагын бер минем рекорд =) жалко что вакыт куп тугел иде....вэт тоткан булыр идеееем.кем икэнне язып тормыйм=)булайда белэсез =)),0,tt
"Элек кешедэн качып эшлэгэннэр,хэзер куз алдында,мужиклар сойли элек подвалга алып кереп кызлар сегеп йори идек дип, так что 😀",1,tt
"кояштагы нәфис Тәңкә, су өстеннән очкан арада, бик тиз кояшта яна башлый.",0,tt
"Salman Salman ""Рэхмэт:).. Лэкин барыбер рус телен татар теленэ караганда яхшырак белэм.. Хэтта уйларым рус телендэ.. Татарский речь плохо говорить, почти забывать..""Шуңа кармастан, татарча язган җөмләңдә хата юк, ә урысчасында хаталар бар))).",0,tt
ник мэченен кунеле булыр..ахахаха..бирегез мэчегэ шул папугайныы..мэчедэ тилмермэс сездэ тилмермэссез!!)))ахахахахаххахаха,0,tt
"шул таракан чыккан кеше яз эле мина,или шалтрат 89375725202. Дибил. Аны шунда ук магазинга килэлэр чегынны кутэреп.вот шунда ышаныр идек таракан икэненэ. А нехуй монда сегенеп язырга. Узеннен надан икэненне курсэтеп.)",1,tt
"мэхэббэткэ киртэлэр юк!!! яратсан, дальше аралаш, куреш! яшэунен бар яме шунда! курыкма, маньяк тугелсендер бит 😊",0,tt
чөнки анда 50% пидофиллар һәм пидорастлар утыра.,1,tt
"әлегә мактанырлык нәрсә юк , залда һәм коридорда ремонт ясыйсы килми .",0,tt
"федя придурок, тарихны гомумән белми",1,tt
"Акча юк,кайдан табыргада белмим.Матай белэн таксовать итергэ чыгуны уйлый башладым инде.Ничек уйлыйсыз,эйбэт уймы?)(Матайда эйбэт йорим)",0,tt
ике чушпан)ахах,1,tt
ә врафиолетның вируска йогынтысы уңаеннан моны бөтен грамоталылар белә.,0,tt
андыйлар турында төкерер урын да юк.,0,tt
"- комплимент өчен рәхмәт, - ләкин ул сүзләрен дәронкындырырга өлгермәде, Рэй ледины яшен су янына өстерәп алып китте.",0,tt
"далбаеб һәм һаман саляраны яхшы хис итәсең. монда пиздец эшкәртүдә Начар, ә тнвд фильтрны ничек сузалар ✌ ️ ✌ ️ ✌ ️ ",1,tt
куп сегенеп йорсэн кайдада сегеп китэлэр)),1,tt
"чәнечке белән сытсаң, пешкәндер.",0,tt
"Эйдэгез по традиции фото отчет!) кем фотка кертми, шул тычкак)))",1,tt
үз йорт хайваннары өчен кем җавап бирә алмый-аларны кабызмагыз.,0,tt
"менә эчке тулаем продуктка йөгерергә һәм гарипләрне агулаудан башка чара юк, үз гарипләребез белән таптадык, күптән вакыт...кемдер акыллы булып чыкты.",1,tt
менә бу блять политика пиздец нинди нахер солых коймак инде бөтен домбасс тыныч яшәде.ничек пиздюлей шунда ук солых алырлар.,1,tt
"бу көлке, чөнки безнең яшьләр дә маңгаена чак кына аңлашылмый торган язулар белән йөриләр.ничектер анекдот укыган, автобуста кыз барган,ә анда үзенең туңдырылган чеби икәнлеге язылган.",0,tt
автор син шайтан алсын сиңа бүтән шаяртулы ахмак фото ясарга кирәкми.,1,tt
"хатын-кыз,кем язган шикелле, бөтен башына ахмак, белемсез,",1,tt
"суган пизда җыя , колакларны очлы һәм кыслада казык тот",1,tt
"Барсы да элеккеге булмагач, ник очрашырга... узенэ авыр икэн тем более?!",0,tt
"Ә марҗа кызлары, күпчелек очракта, үзләрен гаиләдә баш итеп, ирләрен биетеп тотарга яраталар, әгәр аларча килеп чыкмый икән, аерылыша башлыйлар.",1,tt
"крестьян массаларының хәерчеләнүе, бу, әлбәттә, социаль проблема түгел!",0,tt
"Ой бля ботенесе умный шундый😄ир булгач кукэемэ спрашивайларда утыра соң ул, семейный эшлэр бн шөгыллэнсен😄",1,tt
Очкада укыйм))Укуы авыр димэс идём))Общагада бер ел тордым кунелле Узе)),0,tt
"шарт әйтелде инде - минем имза, акча кирәкми!",0,tt
"о, Минем сеннига көнем уңышлы булачак, мин өйдә консерва цехында шөгыльләнәм!",0,tt
"әйе, безнең проблема бу һава белән сулау",0,tt
"миңа ярдәм итегез, зинһар, мин дә этләр һәм мәчеләр асрыйм,тик минем азыкка акчам җитми.",0,tt
Энемнен кутенэ карап утырам😄😃😀,1,tt
"кызлар,хэерле кичлэр сезгэ! буген нишлэп бик тын эле?",0,tt
"Кызлар кемнең минем белән Турцияга барасы килә? лайк куегыз,",0,tt
"хуйга барыгыз, шайтан ибаные, үзегезнең буталчык лозунгларыгыз белән.",1,tt
эйдэгез такталачык кызлары дружненько все лайкаем запись рушана😉,0,tt
шәп актриса сөйкемле хатын супер,0,tt
"Эти-энилэренэ, якыннарына ходай сабырлык бирсен!Беркемгэдэ шундый авыр кайгы-хэсрэт килмэсен иде!",0,tt
"камырны барлык ингредиентларны бергә кушып ясасаң, рогаликлар тәмле һәм таркау булачак.",0,tt
"җиңелрәк уйлап таба алмыйсың,урыннарны алыштыра алам.",0,tt
"ә без, төркемгә килүчеләр, яңа мәкаләләр көтәбез!",0,tt
Витаминнарга бай булган ризыклар белән туклан!,0,tt
Хэ бля йогерэм сина акча салырга хахаха. Сектем эле.,1,tt
син дә пизда бол син реал түгел,1,tt
"блэт ойгэ бэрэнге корты керган,шуна нинди исем кушып була??корт малай,...или..кыз...хуй пойми короче,но булышыгыз зинхар!",1,tt
гөмбә машина янында-һәрвакыт 100 гә эшли%,0,tt
"безне сынатмагыз, либераль әтәчләргә хакимияткә килергә ирек бирмәгез.",1,tt
"Гайсә пәйгамбәр кемнең чын дин тотуын, ә кемнең булмавын ничек билгеләргә икәнен әйтте.",0,tt
язмыш сине һичшиксез яратсын һәм искиткеч сюрпризлар тудырсын!,0,tt
халык алдында боларның барысын да аның гудогына сизсен .пидор.,1,tt
минем янда син пиздюшка гына икэн),1,tt
"ә кайда анда пидораслар үз арт аякларын топтальня төзергә җыенганнар, кайда?",1,tt
Актанышта иномаркаларны ремонтлыйлармы ул сервиста¿? Ремонтласалар кайда?¿ Номерын языгыз эле пожалуйста¡¡!!,0,tt
"ул тагы ике конфетны исән-имин җиңеп чыкты, бер литр Яшел чәй эчте, егерме ел буена татлы нәрсәгә кагылмаска тантаналы рәвештә вәгъдә бирде дә, билгесез нәрсәдән бик канәгать булып, йоклап китте.",0,tt
нинди себерке кирэк--сайлагыз,0,tt
"бля, сез ах-ух килеп күрәзәче генә инде!",1,tt
"Шул Харис абыйның марҗадан туган ике бөртек баласы шул тиклем руслашалар ки, картайган көнендә, үз әтиләре алар өчен «недорезанный татарин»га әйләнә.",1,tt
"безнең ил бар әле, мөгаен, синең аркададыр-язучы херов!",1,tt
韓国はネトウヨが法をねじ曲げ国を動かしていると思ってる俺もパヨクになれますかね？   では声高らかに     ぱよぱよt  ...やっぱ恥ずかしいわw,1,ja
中国共産党と対決姿勢だから。   だから北京から在日の「協力者達」に指令がきている。,1,ja
マイクロ波、怖い。   そろそろ電磁波から国民を守る法案も作って欲しいです。   どこかの誰かさんが団体で、さいーばーてろをやっている限りむりでしょうけど,0,ja
工場見学いいね。   綺麗な工場見学が出来れば信頼回復も可能だろうし。,0,ja
なにいってもわからんと思うが、移民政策なんてしてないんだよね   ID:KBv ×の頭の中ではすでに移民政策ができあがっているらしい   本当に話が通じないネオナチ連呼は駄目だね,1,ja
21年前に何があったのか...,0,ja
韓国で反日なのは政府とマスコミだけで大半の国民は日本を嫌ってない。   って誰か言ってなかったか？,1,ja
日本エンジン、３つだね   福岡とかはどうなんだろ,0,ja
事実が違えば韓国の主張が間違いだとなるんだけど？,1,ja
次はラーメン屋を作ればいい。   そうしていつの間にか、元原発敷地内に新しい街ができたりしてw,0,ja
報道ワイドショーの殆どはイオンスポンサーだからねぇ,0,ja
これ地検の特捜が動いてるってホント？,0,ja
継ぎ足しすらせずにオイル切らして   エンジン焼きつかせるってオチは勘弁な,0,ja
そういえば１年くらい前に聞いたリコール署名を集める！はどうなった？   って、今の状況を見れば、へたれたことは明らかか,0,ja
ぱよくはどうしてすぐぱよってしまうん(´･ω･`),0,ja
スマホとかタブレットが快適だからな…,0,ja
いや逃げてない。息子の会社に譲渡しただけ,0,ja
ウクライナがデフォルトしたら、当然、そのしわ寄せはロシアに来る…。   なるほどな、プーチンが安倍ちゃんに「お手紙」書くわけだわwww。,1,ja
何故か「俺たちの戦いはこれからだ 未完」   というネームが脳裏をよぎった,0,ja
ん？     なんの議論も出来ない馬鹿がわかったつもりになるの？,1,ja
短期滞在者が平均それくらいいるってことは、   出入国人数が一日１～２万になるぞ。んなあほな。,1,ja
文殊を廃止して、その予算を軌道エレベーターを開発   軌道エレベーターが、完成したら、ソーラーレイ   これだろ 順番,0,ja
「こいつはスパイ」と嘘の密告されたら一般人でも殺されるって事だよな。,1,ja
社長、想定外のところで心折れるw   いきなりコロッケということはやはり台風のせい？,0,ja
来年の夏の参院選の時にミンスの候補者が落選すればするほど、   また盛り上がりますよw。,0,ja
翁長氏になにを期待していたのだろう,0,ja
コメント欄くっさ   チョンの振りしたりネトウヨの振りしたり   対立煽りでアフィ収入がうまいんだろな,1,ja
馬鹿に付ける薬を飲ませても効かないだろｗ,1,ja
今の大阪市長はアホだから   権力で憎しみの連鎖を作る発想しかない能無し   早くカジノ維新を解党に持って行かないと大阪は終わる,1,ja
今ぐぐったらそこは前回から認められてたらしい   問題は奪われたっていう証拠だのなんだの,0,ja
断崖絶壁にまた一歩近づいた訳かｗ,0,ja
まぁ、このPCでは決済やらはやっていないから、   せいぜい抜かれてもXVIDEOのIDとパスだけなんだけどね。     ……いや、それ、恥ずかしいなw,0,ja
はあ？日本国内にあんなモン置かせるわけないやろ？,0,ja
御堂筋線が終日運休らしいけど、阪急線も復旧の目途が立ってないとか・・・。   近所の電線が下に落ちてたのには驚いた。   よく見ると所々で壁の一部とか落ちてきてるわ。,0,ja
中国って、あれだけ大量の留学生を日本に送り込んでいるくせに、何を勉強させているんだよ。   日本が継承した支那の文化文明を勉強して故国に広めさせろよ,1,ja
要するに「私刑の権利はマスコミにだけ独占的にある！   マスコミ以外のものが私刑をするのは許さん！」   というマスコミのエゴが露呈しているだけだ。,1,ja
条約の方が国内法規より上だからな     つまり撤去が韓国政府の責任,1,ja
でも自衛隊は入隊時に思想チェック厳しいとか   あるわけじゃないんだよ？   あと、自衛隊の嫁に中韓がけっこういるよ？って話しは   何年も前から旧でスレまでたってた。,1,ja
普段いわれてて、よっぽど悔しかったから   つい使っちゃったんだろうよwwww,0,ja
戦争中の国だし。   言論統制しないと、都合悪いだろ。     韓国人って自分の国が戦争中って知らないのか？,1,ja
日本の国内組っていう言葉から   Jリーグに来てる韓国人っていうのはおかしくないか？   国内組っていうと普通に   Jリーグでプレイしてる日本人選手の事を指すだろ？,1,ja
あの仕分けパフォーマンスは実に情緒的で強引だったが   結果的にミンスちゃんはことごとく邪魔しかしてねえことになってしまう,1,ja
ゾンビから我に返ったら周りのゾンビに食い殺されるという地獄,1,ja
リメイクというか「ザ・ブラックオニキス・オンライン」   があったらと思うと胸がときめくな,0,ja
問題になった書き込みは無印の物のようだね,0,ja
元からだけど、景気悪くて人間も馬鹿になったから中共とか北朝鮮とか   がこれ幸いに日本でドラッグ売りまくってるんでしょう。   彼らにとってはこれも重要な外貨獲得の手段だし日本支配の手段なんだろうね。,1,ja
もう学校の更衣室には死角が無いように複数代の防犯カメラの設置を義務付けるべき,1,ja
赤影とかライオン丸とかシルバー仮面とか仮面ライダーとか、テレビ放映の始めから、実写だったからなあ。   あれはあれでよかったと思う。   仮面ライダーも初期の方が好き。   キカイダーも良かった。,0,ja
おい…一日中いるみたいだけど働いてねーのか…？ バイトくらいは…,1,ja
韓国は治安いいつっても詐欺とか偽証罪とか日本の数十～数百倍やで   比率に直すと洒落にならんくらい違う,1,ja
しかしだいたいの男は年上女は嫌だからな   だから詰むんだろな,1,ja
常識的に考えられない人達とはお近づきになりたくありませんなぁ,0,ja
あのときの騒ぎは、あれはあれで面白かったけどな。   自分も当事者だったけど。,0,ja
その通り   ここまでの発言して批判されないなんて,0,ja
工業や農業系でもなければ、高1でそこまで進路固まってるとは思えないんだよなぁ,0,ja
不細工少女の銅像を沢山建てたら日本政府が10億くれました。って話だろ。これ,1,ja
北チョンへ乗り込んだときと同じく、おにぎり持参で行ってたりしてなw。   まあ、飯も出してもらえなかった前例も有ることだしwww。,1,ja
昔東京で、東北出身とわかると、不動産屋がいきなり「親の職業は？農家なら農家と(笑)」   こいつは明らかに馬鹿にしているが、もし農家だったら何が可笑しいのか？と,1,ja
いや 六本木のチキン屋の前がバーキンだってば,0,ja
今日、新宿の舛添やめろデモみたが、朝鮮人に対する内容もあったが、主題はあくまで舛添批判なのに   ヘイトやめろで必死になってるカウンター連中がいたな     舛添を一番朝鮮人扱いしてんのって実はカウンター連中なんやなとおもったわ,1,ja
なんとかしたいですね。   私はもうあっち行かないです。,0,ja
外野から見ていても(今までから比べると)下準備十分なのだろうと思うのですが、あまりに大型の案件ばかりでくらくらする,0,ja
汚い単語がアク禁されるかどうかは板住人の役に立ってるか立ってないかで分かるが、   ID:en3にはその区別が難しいんだろうな,0,ja
一瞬考えちゃったよｗ   評価する。,0,ja
韓国政府には存在を把握されている身分だよね？w。   半島から米軍が撤退したり動乱が起こると、固まって住んでいれば、「回収されやすく」なるよな？www。   貰った餅には、とんでもない毒が入れられていたりしてなwww。,1,ja
アメリカがこの件で韓国に日和ったら日米安保の段階的解消に向かうべき,1,ja
これはやばいだろ？   条約に批准できないと、日本だけテロ情報が入らない   テロで殺されるのは自分かもしれんし、家族かもしれん   やばすぎだよ,1,ja
能無しの働き者が一番性質悪い   維新の糞女の方が国政に悪影響を与えない分、まだマシ,1,ja
むしろ知識階層が米国の外交姿勢が諸外国からどのように見られているか   研究するために視聴とかシュールな展開にならないとも限らない。,0,ja
一方日本では、為政者を「ハゲ」と言っても逮捕されない。,0,ja
それでもなんとかねじ伏せてやろうと、無理矢理な回答を捻り出してる時点で同情できない,0,ja
いくら日本の首都と言っても地方議会の結果が国政に反映されるとは、思えん。,0,ja
てめえの捏造記事による国益損失の大きさを考えろボケ,1,ja
あれこれって技術向上次第でテレパシーが可能になるってことか？,0,ja
このあおりで、うちの近所のセブンイレブンの   美人店員のモロズミさんが辞めたりしないかが心配だ。,1,ja
たしかに聞こえんわ     第一、身近にバーガーキング無いんだから   無くなっても、なんの問題もない,0,ja
スターリングが許されるなら熱源がマイクロ原発でも許されたかも,0,ja
出会いが奇跡って、山奥に住んでいるの？   何か努力した？,0,ja
覆面していたのになんで３０～４０代だとわかるんだよ？,0,ja
それ小学校の担任も言ってたな火山の噴火？   で焼けた動物の肉にさわったら   熱くて反射的に指を冷やすために口に入れたらいい味がしたので   それから肉を焼くようになったとか言ってた,0,ja
こういう言い方されると余計なあ   在日というかヘンに使命感持っちゃった偽善者だと思う,1,ja
経営者側の人が「現実問題としてコストと考えざるをえない」っていうならわかるけど   外部の人間が「コストとして考えろ」っていうのはおかしい,0,ja
添田の高橋、牧田の山口みたいに活動ネームってあるしな     まあ、そのうち誰かが散歩して見つけそうな気がする,0,ja
マイナンバー関連の業務を受注してたんだっけ？,0,ja
日本に奴隷は合わないので   こういうのは欧米に任せるべき,1,ja
そういえば在日朝鮮人が川崎市職員になったって以前どこかメディアで自慢してたわ,1,ja
こうやって国民の為に、言葉だけじゃないまさにリアルに「命を懸けて」   救助してくれてる自衛隊員の方々に対して、民主党の人達は   「殺人機械だ」って言い放ったんだよね,1,ja
マルチ乙   不倫特区の糞パヨクらしいｗ,1,ja
確かに、実際には30万人も来ないと見た。,0,ja
しかも、朋美ちゃんが辞めたその日の晩だからな。   当てつけかよ？。,0,ja
友達と遊んでいたんだぜ！,0,ja
胴長短足w   うちの犬の親類かなんかかwww,1,ja
まあ、それは個人の趣向によるものだから気にしないで   でも、やっぱり近親婚はヤバい   父親と娘の結婚もOKになる   アルゼンチンでの事件を忘れたのかな？,1,ja
それは個々人で考えが違って当たり前だからな   俺を目障りだと思う人がいるのも当然だろうな   なもんで迷惑だとは思うがNGしてくれと毎度言っている次第だ,0,ja
朝日必死だなｗ 中国も必死だけど。,1,ja
嘘だね   移民を皆殺しにすればいつでも解決可能な類の事件にすぎん,1,ja
同感、今年は1ヶ月季節の前倒しみたいな感じ   台風が少ないといいけどな,0,ja
こちらに移ってたんだ！   今知ったよ！,0,ja
規制なんてしないよ…したら中国人や韓国人が買えなくなるからな   何だかんだで、政府も役人も特ア大好きだから,1,ja
それに支那を足したら、絶賛！豪姦中！！,1,ja
ハーバードにしては足りてないなと思ったら留学かよ,0,ja
何の団体に所属してる高校生だろう。,0,ja
こういうのも不良っていうのかねえ,0,ja
国民がテロリストに屈して   民主主義とともに自爆テロを遂げたと嗤われるだろうな,1,ja
違法行為を行った結果だからねえ   車ですら飲酒運転で事故ったら保険おりないし普通無理でしょｗｗｗ   ましてや中国の保険会社なら20000%払わないと思われるなｗｗ,1,ja
これって侵略だよね。現代の戦争？,0,ja
野党が反対してるんなら特定のアレを取り締まる形の法律なんだろう,0,ja
ガス管のストーブが爆発した爆発した前例もあるらしいからね,0,ja
10トン車で突撃か   イスラムなの？それとも基地外？,1,ja
推定有罪の国、韓国   魔女狩りとかもする土人だから仕方ないね   粛々と制裁するべし,1,ja
民主党政権時を除いてw定期的に「日本のじゃ返せチョンカス」と申し入れしてるぞ？   これしないと容認した事になるからな。,1,ja
それはない     他国の事なんで、進んでpgrする程のモンでもないけど,0,ja
そろそろ出来てるという話もある。検証・アップデート作業待ち。   まあ来年アップデート予定でしょ。,0,ja
ここ最近のトレンドってバレても気にしないバレるの上等って流れじゃない？   在日なのはまぁ出自だから変えようがないけどそれありきで悪さする傾向が見られる,1,ja
でも異種交配の生き物って生殖能力が無いと聞いたが。   特に哺乳類はね,1,ja
自分らのレスだけは削除た上での、過去ログのバラマキとかやりそう,0,ja
オレもピンとこなかったんだけどその後トイレいったら   あ、まさかっ！てなったぞ,0,ja
うむ、今回のタイプだと空中待機型はむりだろうな。   もっと遥かに省電力でなくてはならない。     現場急行ならばまさにこの方式のメリットだよな。,0,ja
首長さんでツイッタやってる人は結構いるけど、   学園理事長だからねぇ。   本人の情報発信はあまり求められんだろうし、   期待薄。,0,ja
奴等は密入国居座りだからな   韓国が竹島侵攻時の日本人漁師を人質にしての恫喝というバックアップもあった   今回は絶対に一匹たりとも入れてはならんし、この機会に在日や帰化人を一掃することを考えるべきだ,1,ja
だってそのために土日に騒いだんですもの,0,ja
＞戦後レジウム     もう少し日本語の勉強をｗ,0,ja
暴力肯定するなら平和的なヤジぐらいで大騒ぎすんな   キチガイだろ,1,ja
ここで聞いていいことかわからないけど本家はIPv6設定だと書けなくなっちゃってる…   自分の設定がIPv6だなんて今まで知らなかった…（情弱）,0,ja
死にかけてたところを医者に助けて貰った、と仰ってたから、   闘病生活は過酷なんだろうな、と思ってた。   苦しみが長く続かなくて良かった…、なんて他人事だから言えることか。,1,ja
戦闘機の性能の違いが、戦力の決定的差でないことを教えてやる,0,ja
明日の一般参賀に行く予定だけどメチャクチャ混むだろうなぁ,0,ja
自分らの敵は全部チョンと在日か   おめでたい頭してんな   嫌儲にいればわかるけどあいつら面白がってやってるだけだから,1,ja
Amazonでの買い物を辞めて、地元のスーパーで購入するだけでも全然違うんだけどね……   もっと言えば、普段はAmazonで買う物をケーズやヤマダで買うだけでも効果はあるぞ,0,ja
こいつの自分の子供にたいする仕打ちがキモすぎる。,1,ja
この人、韓国ではポッポや村山、河野みたいな扱い？   こんな発言韓国だと命取りになりそうだけど,1,ja
最近のアニメはかわいい女の子やイケメンがキャッキャうふふしているイメージしか思い浮かばない,0,ja
なつかしいなぁ。   学部のときだったかな、友達がゲームギアで桃鉄をやってて   カラー画面で衝撃をうけた。いまみたら、CPU は Z80A なんだな。,0,ja
やっぱり   非科学的な血液型占いとかマジで馬鹿馬鹿しいと思ってた   あんなのを盲信している人は、それこそ８０万円の壺とか買わされそう,1,ja
昨日はサムネの脆弱性を突かれた不具合だったが、今回はコード書き込みのみで開かなくてもフリーズさせられる   今日の19時くらいから旧に貼られまくってdev版リリースが20時半くらいだったかな。2chMate 0.8.8.1 devってバージョンが最新,0,ja
今時そんなのに騙される日本人は少ないよね。   韓国へ行く観光客の数をみればすぐに分かるよ。,1,ja
懲りないでまだやったのかよ   社長はたしか在日で女性社員だけ研修とか言ってハーレムさせてたよな   社長を囲んでずらりと並んだ女性社員ばかりの画像も出てたよな   リークした社員無事だったかな,1,ja
てかね、これ実際にそういう意思表示よね,0,ja
こういうパヨクが関わってる公務員の不祥事にはクソBOTは現れないわな,1,ja
クレーマーには、息が臭いので呼吸しないで下さいって言ったやりたいね,0,ja
俺もそう思ったが、   防大コースも視野にあるのかな？,0,ja
そういやプラゴミ減らそうとしてるのって   ナノプラスティックが原因かな？   もう人間の体内に入ってるとかの,1,ja
でもコレ実際、痴漢冤罪仕立てるわ緊急停止ボタン押すわの中国女を無罪放免したんだろ？警官は   刑事事件の現行犯を放流していいもんなの？警官って,1,ja
子持ちとナマポボッシーを同列に考えている方がいるようですね   ナマポボッシーはナマポを当てにするのではなく自分で働くなり相手の男性に養育費を要求するなりして下さい   それともその程度の男としか付き合えないのか,1,ja
アカっていうかアホ狩りだよね。   今対象になりそうなの見てるとさ,1,ja
仲間の存在も匂わせていたよね。   単独犯ではない可能性も高い。,0,ja
世界が韓国から孤立してんだよ。,1,ja
韓国のエアコンって室外機を屋内に置くことが義務付けられてるらしいね,1,ja
警備員の場合は、室内だと軽くお辞儀で室外だと挙手敬礼になる。,0,ja
アナル拡張をしまくると肛門括約筋がユルユルになって、直腸内の金塊の重量を支えきれなくなる。   よって肛門の絞まりの良いアナルヴァージンこそ、この任務の適任者。,1,ja
denge1,1,te-rom
y****a,1,te-rom
Yedava,1,te-rom
deng1the,1,te-rom
k u t h a p a g i l i o p o d h i,1,te-rom
p i c h i n a k o d a k a,1,te-rom
kuthapagiliopodhi!!,1,te-rom
m*dd*,1,te-rom
ni*bb*,1,te-rom
p1ch1namadda,1,te-rom
n.i.a.m.m.a,1,te-rom
dengithe,1,te-rom
Puku,1,te-rom
k-u-t-h-a-b-a-l-u-p-a,1,te-rom
pi*******,1,te-rom
niamma!,1,te-rom
GUDHAMUSKO,1,te-rom
p.i.c.h.i.p.u.k.a,1,te-rom
niemma!,1,te-rom
kuth@b@lup@,1,te-rom
DENGEI,1,te-rom
pichin@m@dd@,1,te-rom
kutha!!!,1,te-rom
d e n g u t h a,1,te-rom
KUTHAPAGILIOPODHI,1,te-rom
n i a m m a,1,te-rom
sullik*i,1,te-rom
Niemma,1,te-rom
pichipuka,1,te-rom
pi***********,1,te-rom
dengei...,1,te-rom
erripuka!,1,te-rom
yedava,1,te-rom
e r r i p u k a,1,te-rom
Dengey,1,te-rom
s.u.l.l.i.k.a.i,1,te-rom
g********o,1,te-rom
PICHINAMADDA,1,te-rom
gudh@,1,te-rom
madda!!,1,te-rom
k-u-t-h-a-p-a-g-i-l-i-o-p-o-d-h-i,1,te-rom
sullik@i,1,te-rom
kuthabalupa!,1,te-rom
gudhamusko...,1,te-rom
p.u.k.u,1,te-rom
PICHIPUKA,1,te-rom
pichinak0daka,1,te-rom
p.i.c.h.i.n.a.m.a.d.d.a,1,te-rom
p-u-k-a,1,te-rom
gudh@musko,1,te-rom
kutha...,1,te-rom
niemma,1,te-rom
p-i-c-h-i-n-a-k-o-d-a-k-a,1,te-rom
g u d h a m u s k o,1,te-rom
erripuka!!!,1,te-rom
ma***,1,te-rom
SULLI,1,te-rom
dengithe!!,1,te-rom
sulli,1,te-rom
gudhamusko!!,1,te-rom
p-i-c-h-i-p-u-k-a,1,te-rom
vattakai,1,te-rom
s-u-l-l-i,1,te-rom
n1emma,1,te-rom
kuth@p@giliopodhi,1,te-rom
puka!,1,te-rom
s******i,1,te-rom
p u k a,1,te-rom
de*******,1,te-rom
madda...,1,te-rom
pichinamadda!,1,te-rom
Sullikai,1,te-rom
yedh@v@,1,te-rom
y.e.d.a.v.a,1,te-rom
m@dd@,1,te-rom
d e n g i t h e,1,te-rom
Kutha,1,te-rom
erripuk*,1,te-rom
k u t h a,1,te-rom
kuthapagiliopodhi!!!,1,te-rom
k.u.t.h.a.b.a.l.u.p.a,1,te-rom
DENGUTHA,1,te-rom
k*********a,1,te-rom
gudhamusko!,1,te-rom
puk*,1,te-rom
ye*****,1,te-rom
niamma,1,te-rom
Kuthapagiliopodhi,1,te-rom
erripuk@,1,te-rom
p***********a,1,te-rom
gudha!,1,te-rom
Dengei,1,te-rom
DENGITHE,1,te-rom
Madda,1,te-rom
y.e.d.h.a.v.a,1,te-rom
dengestha,1,te-rom
k.u.t.h.a.p.a.g.i.l.i.o.p.o.d.h.i,1,te-rom
d.e.n.g.e.y,1,te-rom
sullikai,1,te-rom
kuthapagiliopodhi!,1,te-rom
m-a-d-d-a,1,te-rom
dengithe...,1,te-rom
Gudhamusko,1,te-rom
madda!!!,1,te-rom
niabba,1,te-rom
dengey!!!,1,te-rom
sull1ka1,1,te-rom
pichinakodaka,1,te-rom
ku*********,1,te-rom
pichinakodaka!!!,1,te-rom
NIAMMA,1,te-rom
y e d h a v a,1,te-rom
n.i.e.m.m.a,1,te-rom
denguth@,1,te-rom
p.i.c.h.i.n.a.k.o.d.a.k.a,1,te-rom
dengestha!!!,1,te-rom
PUKA,1,te-rom
sullikai!,1,te-rom
p i c h i n a m a d d a,1,te-rom
YEDHAVA,1,te-rom
dengutha,1,te-rom
Pichinamadda,1,te-rom
puku!!,1,te-rom
n-i-e-m-m-a,1,te-rom
kutha,1,te-rom
kutha!,1,te-rom
Dengestha,1,te-rom
dengesth*,1,te-rom
vattakai!,1,te-rom
niemm*,1,te-rom
sull1,1,te-rom
d.e.n.g.i.t.h.e,1,te-rom
pichinakodaka...,1,te-rom
dengei!!!,1,te-rom
Gudha,1,te-rom
g-u-d-h-a,1,te-rom
sullikai!!!,1,te-rom
gudhamusko!!!,1,te-rom
Erripuka,1,te-rom
kuthabalupa!!,1,te-rom
DENGESTHA,1,te-rom
vattaka1,1,te-rom
d******e,1,te-rom
vattakai!!!,1,te-rom
niabba!,1,te-rom
yedava!!!,1,te-rom
gudhamusko,1,te-rom
n-i-a-m-m-a,1,te-rom
kuthapagili0p0dhi,1,te-rom
PICHINAKODAKA,1,te-rom
erripuka!!,1,te-rom
kuthapagiliopodhi...,1,te-rom
puka...,1,te-rom
d-e-n-g-e-s-t-h-a,1,te-rom
dengithe!!!,1,te-rom
p**a,1,te-rom
pi**********,1,te-rom
ni@mm@,1,te-rom
dengei!!,1,te-rom
dengutha!,1,te-rom
gudha!!,1,te-rom
n1abba,1,te-rom
yedhava,1,te-rom
v@tt@k@i,1,te-rom
sulli!,1,te-rom
Dengithe,1,te-rom
de****,1,te-rom
gudh*,1,te-rom
v-a-t-t-a-k-a-i,1,te-rom
dengithe!,1,te-rom
y-e-d-a-v-a,1,te-rom
kutha!!,1,te-rom
kuthapag1l1opodh1,1,te-rom
ye****,1,te-rom
ERRIPUKA,1,te-rom
gudha...,1,te-rom
d.e.n.g.e.s.t.h.a,1,te-rom
p u k u,1,te-rom
ni*mm*,1,te-rom
gudh*musko,1,te-rom
erripuka...,1,te-rom
su******,1,te-rom
d-e-n-g-u-t-h-a,1,te-rom
er******,1,te-rom
puku...,1,te-rom
pichipuk*,1,te-rom
pichinakodaka!,1,te-rom
denguth*,1,te-rom
Niamma,1,te-rom
pichipuka!!!,1,te-rom
niamma!!!,1,te-rom
niabba!!!,1,te-rom
m.a.d.d.a,1,te-rom
vattakai...,1,te-rom
k-u-t-h-a,1,te-rom
n1amma,1,te-rom
g-u-d-h-a-m-u-s-k-o,1,te-rom
Yedhava,1,te-rom
gu***,1,te-rom
niamma...,1,te-rom
pichin@kod@k@,1,te-rom
sulli!!,1,te-rom
NIABBA,1,te-rom
yed*v*,1,te-rom
e-r-r-i-p-u-k-a,1,te-rom
niemma...,1,te-rom
pichinamadda,1,te-rom
kuth@,1,te-rom
ni****,1,te-rom
niemm@,1,te-rom
KUTHABALUPA,1,te-rom
Vattakai,1,te-rom
e******a,1,te-rom
pichinakodaka!!,1,te-rom
pichinamadda!!!,1,te-rom
niabba...,1,te-rom
n****a,1,te-rom
d******a,1,te-rom
Niabba,1,te-rom
sullikai!!,1,te-rom
niemma!!!,1,te-rom
Pichinakodaka,1,te-rom
de******,1,te-rom
PUKU,1,te-rom
VATTAKAI,1,te-rom
d-e-n-g-e-y,1,te-rom
m***a,1,te-rom
NIEMMA,1,te-rom
y-e-d-h-a-v-a,1,te-rom
g.u.d.h.a,1,te-rom
d e n g e i,1,te-rom
v******i,1,te-rom
yedhava!!!,1,te-rom
n-i-a-b-b-a,1,te-rom
Kuthabalupa,1,te-rom
pichipuka!!,1,te-rom
gudha,1,te-rom
puku!!!,1,te-rom
pichinamadda!!,1,te-rom
s u l l i k a i,1,te-rom
puka!!!,1,te-rom
p i c h i p u k a,1,te-rom
d e n g e y,1,te-rom
pichipuk@,1,te-rom
d****y,1,te-rom
n.i.a.b.b.a,1,te-rom
su***,1,te-rom
gu********,1,te-rom
kuth*b*lup*,1,te-rom
DENGEY,1,te-rom
y*****a,1,te-rom
dengesth@,1,te-rom
n i a b b a,1,te-rom
gudhamusk0,1,te-rom
d****i,1,te-rom
kuthabalupa...,1,te-rom
YEDAVA,1,te-rom
d-e-n-g-e-i,1,te-rom
err1puka,1,te-rom
p-u-k-u,1,te-rom
dengutha!!!,1,te-rom
KUTHA,1,te-rom
erripuka,1,te-rom
s u l l i,1,te-rom
p**********a,1,te-rom
puku!,1,te-rom
dengey...,1,te-rom
p*******a,1,te-rom
madda,1,te-rom
yedava!,1,te-rom
yedh*v*,1,te-rom
niabba!!,1,te-rom
dengestha!,1,te-rom
dengey!,1,te-rom
s.u.l.l.i,1,te-rom
g.u.d.h.a.m.u.s.k.o,1,te-rom
d.e.n.g.e.i,1,te-rom
k***a,1,te-rom
Sulli,1,te-rom
nenu bagunnanu,0,te-rom
mallee kaluddam,0,te-rom
enti sangathulu,0,te-rom
namaskaram andi,0,te-rom
chala dhanyavadalu andi,0,te-rom
dhanyavadalu,0,te-rom
enti visheshalu,0,te-rom
subharatri,0,te-rom
tintunnara,0,te-rom
chala bagundi,0,te-rom
subhadinam,0,te-rom
bagunnara,0,te-rom
naa peru tharun,0,te-rom
repu kaluddam,0,te-rom
